﻿<translations>
	<de>
		<language>Deutsch</language>
		<serverrunning>Server läuft</serverrunning>
		<saving>Speichern</saving>
		<saveufiles>Ungespeicherte Dateien speichern?</saveufiles>
		<compileall>Alles kompillieren</compileall>
		<compilecurr>Kompillieren</compilecurr>
		<copy>Kopieren</copy>
		<ftpup>Auf FTP hochladen</ftpup>
		<startserver>Server starten</startserver>
		<replace>Ersetzen</replace>
		<replaceall>Alles ersetzen</replaceall>
		<opennewfile>Neue datei öffnen</opennewfile>
		<nofilopened>Keine dateien geöffnet</nofilopened>
		<nofileopenedcap>Keine der selektierten Dateien konnte geöffnet werden.</nofileopenedcap>
		<savefileas>Speichern unter</savefileas>
		<savefollow>Folgende dateien speichern</savefollow>
		<chdecomp>Selektiere eine Datei zum dekompillieren</chdecomp>
		<decompiling>Dekompillieren</decompiling>
		<editconfig>Konfigurationen bearbeiten</editconfig>
		<foundinoff>Gefunden mit Offset {0} und Länge {1}</foundinoff>
		<foundnothing>Nichts gefunden</foundnothing>
		<replacedoff>Ersetzt am Offset {0}</replacedoff>
		<replacedocc>{0} Vorkommen ersetzt in {1} Dokumenten</replacedocc>
		<occfound>Vorkommen gefunden</occfound>
		<emptypatt>Leerer Suchausdruck</emptypatt>
		<novalidregex>Kein valider Regex-Ausdruck</novalidregex>
		<failedcheck>Fehler bei der Suche</failedcheck>
		<errorupdate>Fehler bei der Suche nach Updates.</errorupdate>
		<versuptodate>Aktuelle Version</versuptodate>
		<versionyour>Die Programversion {0} ist aktuell.</versionyour>
		<details>Details</details>
		<compiling>Kompillieren</compiling>
		<error>Fehler</error>
		<spcompnotstarted>Der spcomp.exe Compiler konnte nicht richtig gestartet werden.</spcompnotstarted>
		<spcompnotfound>Der spcomp.exe Compiler konnte nicht gefunden werden.</spcompnotfound>
		<copied>Kopiert</copied>
		<deleted>Gelöscht</deleted>
		<failcopy>Fehlgeschlagene Kopierung</failcopy>
		<nofilescopy>Keine Dateien kopiert</nofilescopy>
		<uploaded>Hochgeladen</uploaded>
		<erroruploadfile>Fehler beim Hochladen von: {0} zu {1}</erroruploadfile>
		<errorupload>Fehler beim Hochladen von Dateien</errorupload>
		<done>fertig</done>
		<file>Datei</file>
		<new>Neu</new>
		<open>Öfnen</open>
		<save>Speichern</save>
		<saveall>Alle speichern</saveall>
		<saveas>Speichern unter</saveas>
		<close>Schließen</close>
		<closeall>Alle schließen</closeall>
		<build>Build</build>
		<copyplugin>Plugins kopieren</copyplugin>
		<sendrcon>RCon Kommandos schicken</sendrcon>
		<config>Konfiguration</config>
		<edit>Bearbeiten</edit>
		<undo>Rückgängig</undo>
		<redo>Wiederholen</redo>
		<cut>Ausschneiden</cut>
		<paste>Einfügen</paste>
		<folding>Code-Faltung</folding>
		<expandall>Alle aufdecken</expandall>
		<collapseall>Alle verstecken</collapseall>
		<jumpto>Springen zu</jumpto>
		<togglcomment>Kommentar umschalten</togglcomment>
		<selectall>Alles markieren</selectall>
		<findreplace>Finden &amp; Ersetzen</findreplace>
		<tools>Werkzeuge</tools>
		<options>Optionen</options>
		<parsedincdir>Vom include-Pfad erkannt</parsedincdir>
		<oldapiweb>Alte API Webseite</oldapiweb>
		<newapiweb>Neue API Webseite</newapiweb>
		<reformatter>Syntax neu formatieren</reformatter>
		<reformatcurr>Formatieren</reformatcurr>
		<reformatall>Alle formatieren</reformatall>
		<decompile>Dekompilieren</decompile>
		<reportbuggit>Ein Bug auf GitHub melden</reportbuggit>
		<checkupdates>Nach Updates suchen</checkupdates>
		<about>Über</about>
		<filename>Dateiname</filename>
		<line>Zeile</line>
		<type>Typ</type>
		<normalsearch>Normale Suche</normalsearch>
		<matchwhowords>Wörtersuche</matchwhowords>
		<advancsearch>Erweiterte Suche</advancsearch>
		<regexsearch>Regex-Suche</regexsearch>
		<currdoc>Momentanes Dokument</currdoc>
		<alldoc>Alle offenen Dokumente</alldoc>
		<find>Finden</find>
		<count>Zählen</count>
		<casesen>Groß/Kleinschreibung</casesen>
		<multilineregex>Mehrzeilen Regex</multilineregex>
		<errorfileloadproc>Fehler beim Laden unf verarbeiten der Datei.</errorfileloadproc>
		<notdissmethod>Die Methode {0} konnte nicht disassembled werden: {1}</notdissmethod>
		<dfilechanged>{0} hat sich geändert.</dfilechanged>
		<filechanged>Datei geändert</filechanged>
		<filetryreload>Soll die Datei neu geladen werden?</filetryreload>
		<dsaveerror>Es ist ein Fehler beim speichern aufgetreten.</dsaveerror>
		<saveerror>Speicherfehlerr</saveerror>
		<savingfile>Speichere Datei</savingfile>
		<ptabb>pt</ptabb>
		<colabb>Sp</colabb>
		<lnabb>Zl</lnabb>
		<lenabb>Lng</lenabb>
		<speditcap>ein leichtgewichtiger Sourcepawn Editor</speditcap>
		<writtenby>geschrieben von: {0}</writtenby>
		<license>Lizens:</license>
		<peopleinv>Menschen involviert:</peopleinv>
		<preview>Vorschau</preview>
		<newfile>Neue Datei</newfile>
		<configwrongpars>Die Konfiguration konnte keine Sourcemod Definition erparsen.</configwrongpars>
		<noname>kein Name</noname>
		<poslen>pos: {0} - lng: {1}</poslen>
		<inheritedfr>geerbt von</inheritedfr>
		<methodfrom>Method von</methodfrom>
		<propertyfrom>Property von</propertyfrom>
		<search>Suche</search>
		<delete>Löschen</delete>
		<name>Name</name>
		<scriptdir>Scripting Pfad</scriptdir>
		<delimitedwi>trennen mit</delimitedwi>
		<copydir>Kopier-Pfad</copydir>
		<serverexe>Server Pfad</serverexe>
		<serverstartargs>Serverstart Parameter</serverstartargs>
		<prebuildcom>Pre-Build Befehle</prebuildcom>
		<postbuildcom>Post-Build Befehle</postbuildcom>
		<optimizelvl>Optimierungslevel</optimizelvl>
		<verboselvl>Verbose-Level</verboselvl>
		<autocopy>Automatisches Kopieren nach Kompillierung</autocopy>
		<deleteoldsmx>Alte .smx nach Kompillierung löschen</deleteoldsmx>
		<ftphost>FTP Host</ftphost>
		<ftpuser>FTP Benutzer</ftpuser>
		<ftppw>FTP Passwort</ftppw>
		<ftpdir>FTP Pfad</ftpdir>
		<comeditordir>Pfad zur SPEdit-Binary</comeditordir>
		<comscriptdir>Pfad zum kompillierenden Script</comscriptdir>
		<comcopydir>Kopierpfad für die smx</comcopydir>
		<comscriptfile>Voller Pfad und Name zum Script</comscriptfile>
		<comscriptname>Dateiname des Scripts</comscriptname>
		<compluginfile>Voller Pfad und Name des kompillierten Script</compluginfile>
		<compluginname>Dateiname des kompillierten Script</compluginname>
		<rconengine>RCon Server Engine</rconengine>
		<rconip>RCon Server IP</rconip>
		<rconport>RCon Server Port</rconport>
		<rconpw>RCon Server Passwort</rconpw>
		<rconcom>RCon Server Befehle</rconcom>
		<compluginsreload>Alle kompillierten Plugins neu laden</compluginsreload>
		<compluginsloas>Alle kompillierten Plugins laden</compluginsloas>
		<compluginsunload>Alle kompillierten Plugins neu entladen</compluginsunload>
		<newconfig>Neu Konfiguration</newconfig>
		<cannotdelconf>Kann Konfiguration nicht löschen</cannotdelconf>
		<ycannotdelconf>Du kannst diese Konfiguration nicht löschen.</ycannotdelconf>
		<selectexe>Ausführbare Datei aussuchen</selectexe>
		<cmdlinecom>Befehlsvariablen</cmdlinecom>
		<rconcmdlinecom>Rcon Befehlsvariablen</rconcmdlinecom>
		<resetoptions>Optionen zurücksetzen</resetoptions>
		<resetoptques>Bist du dir sicher die Optionen zurückzusetzen?</resetoptques>
		<restarteditor>Editor neustarten</restarteditor>
		<yrestarteditor>Du musst den Editor neu starten damit die Änderungen aktiv werden.</yrestarteditor>
		<restartedifulleff>Starte den Editor neu damit alle Änderungen aktiv werden...</restartedifulleff>
		<restartedieff>Starte den Editor neu damit die Änderungen aktiv werden...</restartedieff>
		<program>Programm</program>
		<hardwareacc>Benutze Hardwarebeschleunigung (wenn verfügbar)</hardwareacc>
		<uianim>UI Animationen</uianim>
		<openinc>Automatisches öffnen von Includes</openinc>
		<openincrec>Includes rekursiv öffnen</openincrec>
		<autoupdate>Automatisch nach Updates suchen</autoupdate>
		<showtoolbar>Werkzeugleiste zeigen</showtoolbar>
		<dynamicisac>Dynamische Autovervollst./Intellisense</dynamicisac>
		<darktheme>Dunkle Umgebung</darktheme>
		<themecolor>Umgebungsfarbe</themecolor>
		<languagestr>Sprache</languagestr>
		<editor>Editor</editor>
		<fontsize>Schriftgröße</fontsize>
		<scrollspeed>Scrollgeschwindigkeit</scrollspeed>
		<wordwrap>Wortumbruch</wordwrap>
		<aggindentation>Agressive Einrückung</aggindentation>
		<reformataftersem>Zeile neuformatieren nach Semikolon</reformataftersem>
		<tabstospace>Tabs mit Leerzeichen ersetzen</tabstospace>
		<autoclosebrack>Automatisch Klammern schließen</autoclosebrack>
		<autoclosestrchr>Automatisch Strings, Chars schließen</autoclosestrchr>
		<showsapaces>Leerzeichen anzeigen</showsapaces>
		<showtabs>Tabs anzeigen</showtabs>
		<indentationsize>Einrückungsgröße</indentationsize>
		<fontfamily>Schriftart</fontfamily>
		<syntaxhigh>Syntaxhighlighting</syntaxhigh>
		<highdeprecat>Veraltete Syntax (&lt;1.7) anzeigen</highdeprecat>
		<compile>Kompillieren</compile>
		<autosavemin>Automatisches speichern (Min)</autosavemin>
    <obtextfile>Datei Pfad</obtextfile>
    <obtextconfig>Konfig. Pfad</obtextconfig>
    <obtextitem>Listenpunkt Pfad</obtextitem>
	</de>
	<fr>
		<language>Français</language>
		<serverrunning>Serveur lancé</serverrunning>
		<saving>Sauvgarde</saving>
		<saveufiles>Sauvgarder tout les fichiers non-sauvgardés?</saveufiles>
		<compileall>Tout compiler</compileall>
		<compilecurr>Compiler</compilecurr>
		<copy>Copier</copy>
		<ftpup>Envoie FTP</ftpup>
		<startserver>Lancer le serveur</startserver>
		<replace>Remplacer</replace>
		<replaceall>Tout remplacer</replaceall>
		<opennewfile>Ouvrire un nouveau fichier</opennewfile>
		<nofilopened>Aucun fichier ouvert.</nofilopened>
		<nofileopenedcap>Aucun des fichiers sélectionés peut-être ouvert.</nofileopenedcap>
		<savefileas>Sauvgarder sous</savefileas>
		<savefollow>Sauvgarder les fichiers suivant</savefollow>
		<chdecomp>Selectionner le plugin à décompiler</chdecomp>
		<decompiling>Décompilation</decompiling>
		<editconfig>Modifier la configuration</editconfig>
		<foundinoff>Trouvé dans l'offset {0} avec un longueur de {1}</foundinoff>
		<foundnothing>Rien trouvé</foundnothing>
		<replacedoff>Remplacer dans l'offset {0}</replacedoff>
		<replacedocc>{0} occurences remplacées dans {1} documents</replacedocc>
		<occfound>occurences trouvée</occfound>
		<emptypatt>Terme de recherche vide</emptypatt>
		<novalidregex>Terme REGEX invalide</novalidregex>
		<failedcheck>Aucune mise à jour trouvée</failedcheck>
		<errorupdate>Echec lors de la recherche de mise à jour.</errorupdate>
		<versuptodate>Version à jour</versuptodate>
		<versionyour>Votre version du programme ({0}) est à jour.</versionyour>
		<details>Details</details>
		<compiling>Compilation</compiling>
		<error>Erreur</error>
		<spcompnotstarted>spcomp.exe n'as pas démarrer correctement.</spcompnotstarted>
		<spcompnotfound>spcomp.exe n'as pas été trouvé.</spcompnotfound>
		<copied>Copier</copied>
		<deleted>Supprimer</deleted>
		<failcopy>Echec lors de la copie</failcopy>
		<nofilescopy>Aucun fichier copier</nofilescopy>
		<uploaded>Upload effectué</uploaded>
		<erroruploadfile>Erreur de l'upload avec le ficher : {0} à {1}</erroruploadfile>
		<errorupload>Erreur lors de l'upload de fichiers</errorupload>
		<done>Fait</done>
		<file>Fichier</file>
		<new>Nouveau</new>
		<open>Ouvrir</open>
		<save>Sauvgarder</save>
		<saveall>Tout sauvgarder</saveall>
		<saveas>Sauvgarder sous</saveas>
		<close>Fermer</close>
		<closeall>Tout fermer</closeall>
		<build>Build</build>
		<copyplugin>Copier les plugins</copyplugin>
		<sendrcon>Envoie de commandes RCon</sendrcon>
		<config>Configuration</config>
		<edit>Modifier</edit>
		<undo>Annuler</undo>
		<redo>Refaire</redo>
		<cut>Couper</cut>
		<paste>Coller</paste>
		<folding>Plier</folding>
		<expandall>Tout déployer</expandall>
		<collapseall>Tout refermer</collapseall>
		<jumpto>Effectuer un saut</jumpto>
		<togglcomment>Commenter</togglcomment>
		<selectall>Tout selectionner</selectall>
		<findreplace>Trouvé &amp; remplacer</findreplace>
		<tools>Outils</tools>
		<options>Options</options>
		<parsedincdir>Analysé depuis le dossier 'include'</parsedincdir>
		<oldapiweb>Ancienne API</oldapiweb>
		<newapiweb>Nouvelle API</newapiweb>
		<reformatter>Reformatation de syntax</reformatter>
		<reformatcurr>Reformater le document</reformatcurr>
		<reformatall>Tout reformater</reformatall>
		<decompile>Decompiler</decompile>
		<reportbuggit>Reporter un bug sur GitHub</reportbuggit>
		<checkupdates>Vérifier les mises à jour</checkupdates>
		<about>À propos</about>
		<filename>Nom de fichier</filename>
		<line>Ligne</line>
		<type>Type</type>
		<normalsearch>Recherche normal</normalsearch>
		<matchwhowords>Mot entier</matchwhowords>
		<advancsearch>Recherche avancé</advancsearch>
		<regexsearch>Recherche REGEX</regexsearch>
		<currdoc>Document current</currdoc>
		<alldoc>Tout les documents ouverts</alldoc>
		<find>Trouver</find>
		<count>Compter</count>
		<casesen>Sensible à la case</casesen>
		<multilineregex>Multiligne REGEX</multilineregex>
		<errorfileloadproc>Erreur lors du chargement du fichier.</errorfileloadproc>
		<notdissmethod>Impossible de désassembler la méthode {0}: {1}</notdissmethod>
		<dfilechanged>{0} as été modifié.</dfilechanged>
		<filechanged>Fichier modifié</filechanged>
		<filetryreload>Tenter de recharger le fichier?</filetryreload>
		<dsaveerror>Une erreur est survenue pendant la sauvgarde.</dsaveerror>
		<saveerror>Erreur de sauvgarde</saveerror>
		<savingfile>Enregistrement du fichier</savingfile>
		<ptabb>pt</ptabb>
		<colabb>Col</colabb>
		<lnabb>Ln</lnabb>
		<lenabb>Long.</lenabb>
		<speditcap>un IDE sourcepawn portable</speditcap>
		<writtenby>écrit par : {0}</writtenby>
		<license>License</license>
		<peopleinv>Personne impliquées</peopleinv>
		<preview>Aperçu</preview>
		<newfile>Nouveau fichier</newfile>
		<configwrongpars>La configuration n'as pas été capable d'analyser la définition de sourcepawn.</configwrongpars>
		<noname>aucun nom</noname>
		<poslen>pos: {0} - long: {1}</poslen>
		<inheritedfr>hériter de </inheritedfr>
		<methodfrom>Method de</methodfrom>
		<propertyfrom>Property de</propertyfrom>
		<search>Rechercher</search>
		<delete>Supprimer</delete>
		<name>Nom</name>
		<scriptdir>Dossier de script</scriptdir>
		<delimitedwi>Délimiter avec</delimitedwi>
		<copydir>Copier le dossier</copydir>
		<serverexe>Executable du serveur</serverexe>
		<serverstartargs>Paramètres de démarage</serverstartargs>
		<prebuildcom>Paramètres de pre-build</prebuildcom>
		<postbuildcom>Paramètres de post-build</postbuildcom>
		<optimizelvl>Niveau d'optimisation</optimizelvl>
		<verboselvl>Niveau verbose</verboselvl>
		<autocopy>Copier automatiquement apres la compilation</autocopy>
		<deleteoldsmx>Supprimer le vieux .smx après la copie</deleteoldsmx>
		<ftphost>Addresse de l'hôte FTP</ftphost>
		<ftpuser>Utilisateur FTP</ftpuser>
		<ftppw>Mot de passe FTP</ftppw>
		<ftpdir>Racine FTP</ftpdir>
		<comeditordir>Dossier de l'executable de SPEdit</comeditordir>
		<comscriptdir>Dossier du compilateur</comscriptdir>
		<comcopydir>Dossier dans le quel le fichier SMX devrai être copier</comcopydir>
		<comscriptfile>Nom complet du dossier et du nom du script</comscriptfile>
		<comscriptname>Nom du fichier du script</comscriptname>
		<compluginfile>Nom complet du dossier et du nom du script compilé</compluginfile>
		<compluginname>Nom du fichier du script compilé</compluginname>
		<rconengine>Engine du serveur RCon</rconengine>
		<rconip>IP du serveur RCon</rconip>
		<rconport>Port du serveur RCon</rconport>
		<rconpw>Mot de passe du serveur RCon</rconpw>
		<rconcom>Command RCon</rconcom>
		<compluginsreload>Recharger tous les plugins compilés</compluginsreload>
		<compluginsloas>Charger tous les plugins compilés</compluginsloas>
		<compluginsunload>Décharger tous les plugins compilés</compluginsunload>
		<newconfig>Nouvelle configuration</newconfig>
		<cannotdelconf>Impossible de supprimer la configuration</cannotdelconf>
		<ycannotdelconf>Vous ne pouvez pas supprimer cette configuration!</ycannotdelconf>
		<selectexe>Sélectionner l'executable</selectexe>
		<cmdlinecom>Variable de ligne de commande</cmdlinecom>
		<rconcmdlinecom>Variable de ligne de commande Rcon</rconcmdlinecom>
		<resetoptions>Options par défaut</resetoptions>
		<resetoptques>Êtes vous sûre de vouloir retourner au valeur par défaut?</resetoptques>
		<restarteditor>Redémarrer l'IDE</restarteditor>
		<yrestarteditor>Vous devez redémarrer l'IDE pour appliquer les changement.</yrestarteditor>
		<restartedifulleff>Redémarrer l'éditeur pour que les changements prennent pleinement effet...</restartedifulleff>
		<restartedieff>Redémarrer l'éditeur pour que les changements prennent effet...</restartedieff>
		<program>Programme</program>
		<hardwareacc>Utilisé l'accélération matériel (si disponible)</hardwareacc>
		<uianim>Animations GUI</uianim>
		<openinc>Ouvrire automatiquement les includes</openinc>
		<openincrec>Ouvrire les includes récursivement</openincrec>
		<autoupdate>Rechercher automatiquement les mises à jour</autoupdate>
		<showtoolbar>Afficher la toolbar</showtoolbar>
		<dynamicisac>Autocompletition/Intellisense dynamique</dynamicisac>
		<darktheme>Theme sombre</darktheme>
		<themecolor>Couleur de thème</themecolor>
		<languagestr>Langue</languagestr>
		<editor>Editeur</editor>
		<fontsize>Taille de la police</fontsize>
		<scrollspeed>Vitesse de scroll</scrollspeed>
		<wordwrap>Encapsulation des mots</wordwrap>
		<aggindentation>Indentation agressive</aggindentation>
		<reformataftersem>Reformatter la ligne apres semicolon</reformataftersem>
		<tabstospace>Remplacer les tabulations par des espaces</tabstospace>
		<autoclosebrack>Fermer automtiquement les accolades</autoclosebrack>
		<autoclosestrchr>Fermer automatique les Strings, Chars</autoclosestrchr>
		<showsapaces>Afficher les espaces</showsapaces>
		<showtabs>Afficher les tabulations</showtabs>
		<indentationsize>Taille de l'indentation</indentationsize>
		<fontfamily>Police</fontfamily>
		<syntaxhigh>Mise en évidence de la syntax</syntaxhigh>
		<highdeprecat>Mise en évidence de la syntax (&lt;1.7) obsolète</highdeprecat>
		<compile>Compiler</compile>
		<autosavemin>Sauvegarde automatique (min)</autosavemin>
    <obtextfile>File Dir.</obtextfile>
    <obtextconfig>Config Dir.</obtextconfig>
    <obtextitem>Item Dir.</obtextitem>
	</fr>
	<ko>
		<language>한국어</language>
		<serverrunning>서버 가동중</serverrunning>
		<saving>저장중</saving>
		<saveufiles>저장되지 않은 모든 파일을 저장합니까?</saveufiles>
		<compileall>모두 컴파일</compileall>
		<compilecurr>현재 문서 컴파일</compilecurr>
		<copy>복사</copy>
		<ftpup>FTP 업로드</ftpup>
		<startserver>서버 시작</startserver>
		<replace>바꾸기</replace>
		<replaceall>모두 바꾸기</replaceall>
		<opennewfile>새 파일 열기</opennewfile>
		<nofilopened>열려있는 파일이 없습니다.</nofilopened>
		<nofileopenedcap>선택한 파일들 중 열 수 있는 파일이 없습니다.</nofileopenedcap>
		<savefileas>다른 이름으로 저장</savefileas>
		<savefollow>다음 파일들을 저장하시겠습니까?</savefollow>
		<chdecomp>디컴파일할 플러그인을 선택하세요</chdecomp>
		<decompiling>디컴파일 중</decompiling>
		<editconfig>컴파일 설정 편집</editconfig>
		<foundinoff>{0}위치에서 발견 (길이: {1})</foundinoff>
		<foundnothing>찾을 수 없음</foundnothing>
		<replacedoff>바꾸기 실행 위치: {0}</replacedoff>
		<replacedocc>{1}개 문서에서 바꾸기 {0}번 실행됨</replacedocc>
		<occfound>개의 일치 항목 발견</occfound>
		<emptypatt>검색할 내용을 입력해주세요.</emptypatt>
		<novalidregex>유효하지 않은 정규표현식입니다.</novalidregex>
		<failedcheck>업데이트 확인에 실패했습니다.</failedcheck>
		<errorupdate>업데이트를 확인하는 도중 오류가 발생했습니다.</errorupdate>
		<versuptodate>최신 버전</versuptodate>
		<versionyour>현재 사용하고 계신 {0} 버전은 최신 버전입니다.</versionyour>
		<details>세부내용</details>
		<compiling>컴파일중</compiling>
		<error>오류</error>
		<spcompnotstarted>spcomp.exe 컴파일러가 정상적으로 시작되지 않았습니다.</spcompnotstarted>
		<spcompnotfound>spcomp.exe 컴파일러를 찾을 수 없습니다.</spcompnotfound>
		<copied>복사됨</copied>
		<deleted>삭제됨</deleted>
		<failcopy>복사에 실패함</failcopy>
		<nofilescopy>복사된 파일이 없음</nofilescopy>
		<uploaded>업로드됨</uploaded>
		<erroruploadfile>파일을 업로드 하는 중 에러가 발생했습니다: {0} to {1}</erroruploadfile>
		<errorupload>파일을 업로드 하는 중 에러가 발생했습니다.</errorupload>
		<done>완료</done>
		<file>파일</file>
		<new>새로 만들기</new>
		<open>열기</open>
		<save>저장</save>
		<saveall>모두 저장</saveall>
		<saveas>다른 이름으로 저장</saveas>
		<close>닫기</close>
		<closeall>모두 닫기</closeall>
		<build>빌드</build>
		<copyplugin>플러그인 복사</copyplugin>
		<sendrcon>RCon 명령어 전송</sendrcon>
		<config>컴파일 설정</config>
		<edit>편집</edit>
		<undo>실행 취소</undo>
		<redo>다시 실행</redo>
		<cut>잘라내기</cut>
		<paste>붙여넣기</paste>
		<folding>접기</folding>
		<expandall>모두 펼치기</expandall>
		<collapseall>모두 접기</collapseall>
		<jumpto>이동</jumpto>
		<togglcomment>주석 달기/제거</togglcomment>
		<selectall>모두 선택</selectall>
		<findreplace>찾기 &amp; 바꾸기</findreplace>
		<tools>도구</tools>
		<options>편집기 설정</options>
		<parsedincdir>Include 디렉토리에서 분석</parsedincdir>
		<oldapiweb>구 문법 API</oldapiweb>
		<newapiweb>새 문법 API</newapiweb>
		<reformatter>문법 정리</reformatter>
		<reformatcurr>현재 문서의 문법 정리</reformatcurr>
		<reformatall>모든 문서의 문법 정리</reformatall>
		<decompile>디컴파일</decompile>
		<reportbuggit>GitHub에 버그 제보하기</reportbuggit>
		<checkupdates>업데이트 확인</checkupdates>
		<about>정보</about>
		<filename>파일 이름</filename>
		<line>Line</line>
		<type>Type</type>
		<normalsearch>일반</normalsearch>
		<matchwhowords>모든 단어 일치</matchwhowords>
		<advancsearch>확장</advancsearch>
		<regexsearch>정규표현식</regexsearch>
		<currdoc>현재 문서</currdoc>
		<alldoc>모든 열린 문서</alldoc>
		<find>찾기</find>
		<count>일치 항목 수</count>
		<casesen>대/소문자 구분</casesen>
		<multilineregex>여러 줄 정규표현식</multilineregex>
		<errorfileloadproc>파일을 불러오고 처리하는 과정에서 오류가 발생했습니다.</errorfileloadproc>
		<notdissmethod>{0} 메서드를 디스어셈블할 수 없었습니다: {1}</notdissmethod>
		<dfilechanged>{0} 파일이 변경되었습니다.</dfilechanged>
		<filechanged>파일 변경됨</filechanged>
		<filetryreload>파일을 다시 불러오시겠습니까?</filetryreload>
		<dsaveerror>저장하는 도중 오류가 발생했습니다.</dsaveerror>
		<saveerror>저장 오류</saveerror>
		<savingfile>파일 저장중</savingfile>
		<ptabb>pt</ptabb>
		<colabb>Col</colabb>
		<lnabb>Ln</lnabb>
		<lenabb>Len</lenabb>
		<speditcap>가벼운 Sourcepawn 편집기</speditcap>
		<writtenby>제작자: {0}</writtenby>
		<license>라이센스</license>
		<peopleinv>관여한 사람들</peopleinv>
		<preview>미리보기</preview>
		<newfile>새 파일</newfile>
		<configwrongpars>설정을 통해 sourcepawn 정의를 분석할 수 없었습니다.</configwrongpars>
		<noname>이름 없음</noname>
		<poslen>위치: {0} - 길이: {1}</poslen>
		<inheritedfr>inherited from</inheritedfr>
		<methodfrom>Method from</methodfrom>
		<propertyfrom>Property from</propertyfrom>
		<search>검색</search>
		<delete>삭제</delete>
		<name>설정 이름</name>
		<scriptdir>Scripting 폴더 위치</scriptdir>
		<delimitedwi>구분자</delimitedwi>
		<copydir>복사할 디렉토리</copydir>
		<serverexe>서버 실행 파일 경로</serverexe>
		<serverstartargs>서버 실행(명령줄) 인수</serverstartargs>
		<prebuildcom>빌드 전 실행 명령줄</prebuildcom>
		<postbuildcom>빌드 후 실행 명령줄</postbuildcom>
		<optimizelvl>컴파일 최적화 수준</optimizelvl>
		<verboselvl>컴파일 상세성 수준</verboselvl>
		<autocopy>컴파일 이후 파일 자동 복사</autocopy>
		<deleteoldsmx>복사 후 이전의 .smx 파일 삭제</deleteoldsmx>
		<ftphost>FTP 호스트</ftphost>
		<ftpuser>FTP 유저</ftpuser>
		<ftppw>FTP 비밀번호</ftppw>
		<ftpdir>FTP 경로</ftpdir>
		<comeditordir>SPEdit의 실행파일이 존재하는 폴더의 경로</comeditordir>
		<comscriptdir>컴파일하는 스크립트의 폴더의 경로</comscriptdir>
		<comcopydir>.smx 파일이 복사될 경로</comcopydir>
		<comscriptfile>스크립트 파일의 이름을 포함한 모든 경로</comscriptfile>
		<comscriptname>스크립트 파일의 이름</comscriptname>
		<compluginfile>컴파일된 플러그인 파일의 이름을 포함한 모든 경로</compluginfile>
		<compluginname>컴파일된 플러그인 파일의 이름</compluginname>
		<rconengine>RCon 서버 엔진</rconengine>
		<rconip>RCon 서버 IP</rconip>
		<rconport>RCon 서버 포트</rconport>
		<rconpw>RCon 서버 암호</rconpw>
		<rconcom>RCon 서버 명령어</rconcom>
		<compluginsreload>모든 컴파일된 플러그인 리로드</compluginsreload>
		<compluginsloas>모든 컴파일된 플러그인 로드</compluginsloas>
		<compluginsunload>모든 컴파일된 플러그인 언로드</compluginsunload>
		<newconfig>새 설정</newconfig>
		<cannotdelconf>설정을 지울 수 없습니다</cannotdelconf>
		<ycannotdelconf>이 설정을 지울 수 없습니다!</ycannotdelconf>
		<selectexe>실행파일 선택</selectexe>
		<cmdlinecom>명령줄 변수</cmdlinecom>
		<rconcmdlinecom>Rcon 명령줄 변수</rconcmdlinecom>
		<resetoptions>설정 초기화</resetoptions>
		<resetoptques>정말로 설정을 초기화하시겠습니까?</resetoptques>
		<restarteditor>편집기 다시시작</restarteditor>
		<yrestarteditor>변경한 내용은 프로그램을 다시 시작하면 적용됩니다.</yrestarteditor>
		<restartedifulleff>변경한 모든 내용은 프로그램을 다시 시작하면 적용됩니다...</restartedifulleff>
		<restartedieff>변경한 내용은 프로그램을 다시 시작하면 적용됩니다...</restartedieff>
		<program>프로그램</program>
		<hardwareacc>하드웨어 가속 사용 (가능할 시)</hardwareacc>
		<uianim>UI 애니메이션</uianim>
		<openinc>Include 파일 자동으로 열기</openinc>
		<openincrec>Include 파일 안의 Include 파일 열기</openincrec>
		<autoupdate>자동 업데이트 검색</autoupdate>
		<showtoolbar>툴바 보이기</showtoolbar>
		<dynamicisac>동적 자동완성 / 인텔리센스</dynamicisac>
		<darktheme>어두운 테마</darktheme>
		<themecolor>테마 색상</themecolor>
		<languagestr>언어</languagestr>
		<editor>편집기</editor>
		<fontsize>폰트 크기</fontsize>
		<scrollspeed>스크롤 속도</scrollspeed>
		<wordwrap>자동 줄 바꿈</wordwrap>
		<aggindentation>자동 들여쓰기</aggindentation>
		<reformataftersem>세미콜론 뒤의 문장 정리</reformataftersem>
		<tabstospace>탭을 공백으로 바꾸기</tabstospace>
		<autoclosebrack>괄호 자동닫기</autoclosebrack>
		<autoclosestrchr>문자열 자동닫기</autoclosestrchr>
		<showsapaces>공백 보이기</showsapaces>
		<showtabs>탭(들여쓰기) 보이기</showtabs>
		<indentationsize>들여쓰기 길이</indentationsize>
		<fontfamily>폰트</fontfamily>
		<syntaxhigh>문법강조</syntaxhigh>
		<highdeprecat>구 문법 (&lt;1.7) 강조</highdeprecat>
		<compile>컴파일</compile>
		<autosavemin>자동 저장 (분)</autosavemin>
    <obtextfile>File Dir.</obtextfile>
    <obtextconfig>Config Dir.</obtextconfig>
    <obtextitem>Item Dir.</obtextitem>
	</ko>
	<sv>
		<language>Svenska</language>
		<serverrunning>Server körs</serverrunning>
		<saving>Sparar</saving>
		<saveufiles>Spara alla osparade filer?</saveufiles>
		<compileall>Kompilera allt</compileall>
		<compilecurr>Sammanställ nuvarande</compilecurr>
		<copy>Kopiera</copy>
		<ftpup>FTP uppladdning</ftpup>
		<startserver>Starta server</startserver>
		<replace>Byt ut</replace>
		<replaceall>Byt ut allt</replaceall>
		<opennewfile>Öppna ny fil</opennewfile>
		<nofilopened>Ingen fil öppnades</nofilopened>
		<nofileopenedcap>Ingen av de valda filerna kunde öppnas</nofileopenedcap>
		<savefileas>Spara fil som</savefileas>
		<savefollow>Spara följande filer som</savefollow>
		<chdecomp>Välj plugin att dekompilera</chdecomp>
		<decompiling>Dekompilera</decompiling>
		<editconfig>Redigera konfigurationer</editconfig>
		<foundinoff>Hittad i {0} med längden {1}</foundinoff>
		<foundnothing>Hittade inget</foundnothing>
		<replacedoff>Bytte ut motvikt {0}</replacedoff>
		<replacedocc>Bytte {0} förekomster i {1} dokument</replacedocc>
		<occfound>Förekomster hittade</occfound>
		<emptypatt>Tomt sök mönster</emptypatt>
		<novalidregex>Inget giltigt regex mönster</novalidregex>
		<failedcheck>Misslyckades att kolla</failedcheck>
		<errorupdate>Fel vid sök av uppdateringar</errorupdate>
		<versuptodate>Versionen är uppdaterad</versuptodate>
		<versionyour>Ditt programs version {0} är uppdaterad</versionyour>
		<details>Detaljer</details>
		<compiling>Kompilerar</compiling>
		<error>Fel</error>
		<spcompnotstarted>Filen spcomp.exe startades inte korrekt</spcompnotstarted>
		<spcompnotfound>Filen spcomp.exe hittades inte</spcompnotfound>
		<copied>Kopierad</copied>
		<deleted>Borttagen</deleted>
		<failcopy>Misslyckades att kopiera</failcopy>
		<nofilescopy>Inga filer kopierades</nofilescopy>
		<uploaded>Uppladdad</uploaded>
		<erroruploadfile>Fel vid uppladdning av fil: {0} to {1}</erroruploadfile>
		<errorupload>Fel vid uppladning av filer</errorupload>
		<done>Klar</done>
		<file>Fil</file>
		<new>Ny</new>
		<open>Öppna</open>
		<save>Spara</save>
		<saveall>Spara alla</saveall>
		<saveas>Spara som</saveas>
		<close>Stäng</close>
		<closeall>Stäng alla</closeall>
		<build>Bygga</build>
		<copyplugin>Kopiera plugins</copyplugin>
		<sendrcon>Skicka RCon kommandon</sendrcon>
		<config>Konfiguration</config>
		<edit>Redigera</edit>
		<undo>Ångra</undo>
		<redo>Gör om</redo>
		<cut>Klipp ut</cut>
		<paste>Klistra in</paste>
		<folding>Vikningar</folding>
		<expandall>Utöka alla</expandall>
		<collapseall>Fäll ihop alla</collapseall>
		<jumpto>Hoppa till</jumpto>
		<togglcomment>Sätt på kommentarer</togglcomment>
		<selectall>Välj alla</selectall>
		<findreplace>Hitta &amp; Byt ut</findreplace>
		<tools>Verktyg</tools>
		<options>Inställningar</options>
		<parsedincdir>Kopierad från include mapp</parsedincdir>
		<oldapiweb>Gammal API hemsida</oldapiweb>
		<newapiweb>Ny API hemsida</newapiweb>
		<reformatter>Syntax omgörare</reformatter>
		<reformatcurr>Omgör nuvarande</reformatcurr>
		<reformatall>Omgör allt</reformatall>
		<decompile>Dekompilera</decompile>
		<reportbuggit>Rapportera en bug på GitHub</reportbuggit>
		<checkupdates>Sök uppdateringar</checkupdates>
		<about>Om</about>
		<filename>Filnamn</filename>
		<line>Linje</line>
		<type>Typ</type>
		<normalsearch>Normal sökning</normalsearch>
		<matchwhowords>Matcha hela ord</matchwhowords>
		<advancsearch>Avancerad sökning</advancsearch>
		<regexsearch>Regex sökning</regexsearch>
		<currdoc>Nuvarande dokument</currdoc>
		<alldoc>Alla öppnade dokument</alldoc>
		<find>Hitta</find>
		<count>Räkna</count>
		<casesen>Skiftlägeskänsliga</casesen>
		<multilineregex>Multilinje regex</multilineregex>
		<errorfileloadproc>Fel vid laddning och bearbetning av fil</errorfileloadproc>
		<notdissmethod>Kunde inte plocka isär metod {0}: {1}</notdissmethod>
		<dfilechanged>{0} har ändrats</dfilechanged>
		<filechanged>Fil ändrad</filechanged>
		<filetryreload>Testa ladda om filer?</filetryreload>
		<dsaveerror>Ett fel uppstod när du sparade</dsaveerror>
		<saveerror>Spara fel</saveerror>
		<savingfile>Sparar fil</savingfile>
		<ptabb>pt</ptabb>
		<colabb>Col</colabb>
		<lnabb>Ln</lnabb>
		<lenabb>Len</lenabb>
		<speditcap>Ett lätt Sourcepawn program</speditcap>
		<writtenby>Gjord av: {0}</writtenby>
		<license>Licens</license>
		<peopleinv>Medverkande</peopleinv>
		<preview>Förhandsvisning</preview>
		<newfile>Ny fil</newfile>
		<configwrongpars>Din config kunde inte kopiera en sourcepawn definition</configwrongpars>
		<noname>Inget namn</noname>
		<poslen>pos: {0} - len: {1}</poslen>
		<inheritedfr>Ärvt av</inheritedfr>
		<methodfrom>Method från</methodfrom>
		<propertyfrom>Property från</propertyfrom>
		<search>Sök</search>
		<delete>Ta bort</delete>
		<name>Namn</name>
		<scriptdir>Scripting mappar</scriptdir>
		<delimitedwi>Avgränsa med</delimitedwi>
		<copydir>Kopiera mapp</copydir>
		<serverexe>Server körbar</serverexe>
		<serverstartargs>Server-start argument</serverstartargs>
		<prebuildcom>Förbyggd kommandolinje</prebuildcom>
		<postbuildcom>Efterbyggd kommandolinje</postbuildcom>
		<optimizelvl>Optimeringsnivå</optimizelvl>
		<verboselvl>Utförligsnivå</verboselvl>
		<autocopy>Automatisk kopering efter kompilering</autocopy>
		<deleteoldsmx>Ta bort old .smx efter kopiering</deleteoldsmx>
		<ftphost>FTP värd</ftphost>
		<ftpuser>FTP användare</ftpuser>
		<ftppw>FTP lösenord</ftppw>
		<ftpdir>FTP mapp</ftpdir>
		<comeditordir>Mapp av SPEdit</comeditordir>
		<comscriptdir>Mapp av kompilering script</comscriptdir>
		<comcopydir>Mapp vars smx borde bli kopierad</comcopydir>
		<comscriptfile>Map och namn av script</comscriptfile>
		<comscriptname>Filnamn av script</comscriptname>
		<compluginfile>Map och namn av kompilerad script</compluginfile>
		<compluginname>Filnamn av kompilerad script</compluginname>
		<rconengine>RCON server motor</rconengine>
		<rconip>RCON server IP</rconip>
		<rconport>RCON server port</rconport>
		<rconpw>RCON server lösenord</rconpw>
		<rconcom>RCON Server kommandon</rconcom>
		<compluginsreload>Laddar om alla kompilerade plugins</compluginsreload>
		<compluginsloas>Laddar alla kompilerade plugins</compluginsloas>
		<compluginsunload>Oladdar alla kompilerade plugins</compluginsunload>
		<newconfig>Ny config</newconfig>
		<cannotdelconf>Kan inte ta bort config</cannotdelconf>
		<ycannotdelconf>Du kan inte ta bort den här configen!</ycannotdelconf>
		<selectexe>Välj körbar</selectexe>
		<cmdlinecom>Kommandolinje variabler</cmdlinecom>
		<rconcmdlinecom>RCON kommandolinje variabler</rconcmdlinecom>
		<resetoptions>Återställ inställningar</resetoptions>
		<resetoptques>Är du säker på att återställa dina inställningar?</resetoptques>
		<restarteditor>Starta om program</restarteditor>
		<yrestarteditor>Du måste starta om programmet för att förändringarna ska slutföras</yrestarteditor>
		<restartedifulleff>Starta om program för förändringarna...</restartedifulleff>
		<restartedieff>Starta om program för att förändringarna ska slutföras...</restartedieff>
		<program>Program</program>
		<hardwareacc>Använd hårdvarans acceleration (om tillgängligt)</hardwareacc>
		<uianim>UI animeringar</uianim>
		<openinc>Automatisk öppning av includes</openinc>
		<openincrec>Öppna includes försiktigt</openincrec>
		<autoupdate>Sök automatiskt för uppdateringar</autoupdate>
		<showtoolbar>Visa verktygsfält</showtoolbar>
		<dynamicisac>Dynamiskt slutförande</dynamicisac>
		<darktheme>Mörkt tema</darktheme>
		<themecolor>Färgtema</themecolor>
		<languagestr>Språk</languagestr>
		<editor>Program</editor>
		<fontsize>Font storlek</fontsize>
		<scrollspeed>Scroll hastighet</scrollspeed>
		<wordwrap>Ord wrap</wordwrap>
		<aggindentation>Aggressivt indrag</aggindentation>
		<reformataftersem>Omformatterar linje efter semikolon</reformataftersem>
		<tabstospace>Byt ut flikar med utrymme</tabstospace>
		<autoclosebrack>Automatiskt stängande parantes</autoclosebrack>
		<autoclosestrchr>Automatiskt stängande sträng, chars</autoclosestrchr>
		<showsapaces>Visa utrymme</showsapaces>
		<showtabs>Visa flikar</showtabs>
		<indentationsize>Inbuktning storlek</indentationsize>
		<fontfamily>Font</fontfamily>
		<syntaxhigh>Syntax markering</syntaxhigh>
		<highdeprecat>Markera föråldrat (&lt;1.7) syntax</highdeprecat>
		<compile>Kompilera</compile>
		<autosavemin>Auto spara (min)</autosavemin>
    <obtextfile>File Dir.</obtextfile>
    <obtextconfig>Config Dir.</obtextconfig>
    <obtextitem>Item Dir.</obtextitem>
	</sv>
<ru>
		<language>Русский</language>
		<serverrunning>Сервер запущен</serverrunning>
		<saving>Сохранение</saving>
		<saveufiles>Сохранить все несохранённые файлы?</saveufiles>
		<compileall>Скомпилировать всё</compileall>
		<compilecurr>Скомпилировать текущий файл</compilecurr>
		<copy>Копировать</copy>
		<ftpup>Загрузка через FTP</ftpup>
		<startserver>Запустить сервер</startserver>
		<replace>Заменить</replace>
		<replaceall>Заменить всё</replaceall>
		<opennewfile>Открыть новый файл</opennewfile>
		<nofilopened>Открытых файлов нет</nofilopened>
		<nofileopenedcap>Ни один из выбраных файлов не может быть открыт.</nofileopenedcap>
		<savefileas>Сохранить как...</savefileas>
		<savefollow>Сохранить следующие файлы</savefollow>
		<chdecomp>Выбрать плагин для декомпилирования</chdecomp>
		<decompiling>Декомпилирование</decompiling>
		<editconfig>Редактировать конфиги</editconfig>
		<foundinoff>Найдено в смещении {0} размером {1}</foundinoff>
		<foundnothing>Ничего не найдено</foundnothing>
		<replacedoff>Заменено в смещении {0}</replacedoff>
		<replacedocc>Произведено {0} замен в документе {1}</replacedocc>
		<occfound>совпадений найдено</occfound>
		<emptypatt>Поисковый шаблон пуст</emptypatt>
		<novalidregex>Неправильный шаблон</novalidregex>
		<failedcheck>Не удалось проверить</failedcheck>
		<errorupdate>Ошибка проверки обновлений</errorupdate>
		<versuptodate>Обновление не требуется</versuptodate>
		<versionyour>Ваша версия {0} программы - самая свежая.</versionyour>
		<details>Подробности</details>
		<compiling>Компилирование</compiling>
		<error>Ошибка</error>
		<spcompnotstarted>Компилятор spcomp.exe не был корректно запущен.</spcompnotstarted>
		<spcompnotfound>Файл компилятора spcomp.exe не найден.</spcompnotfound>
		<copied>Скопировано</copied>
		<deleted>Удалено</deleted>
		<failcopy>Не удалось скопировать</failcopy>
		<nofilescopy>Файлы не были скопированы</nofilescopy>
		<uploaded>Загружено</uploaded>
		<erroruploadfile>Ошибка при загрузке файла: {0} в {1}</erroruploadfile>
		<errorupload>Ошибка при загрузке файлов</errorupload>
		<done>готово</done>
		<file>Файл</file>
		<new>Новый</new>
		<open>Открыть</open>
		<save>Сохранить</save>
		<saveall>Сохранить всё</saveall>
		<saveas>Сохранить как...</saveas>
		<close>Закрыть</close>
		<closeall>Закрыть всё</closeall>
		<build>Сборка</build>
		<copyplugin>Скопировать плагины</copyplugin>
		<sendrcon>Отправить RCon команду</sendrcon>
		<config>Конфиги</config>
		<edit>Редактировать</edit>
		<undo>Отмена</undo>
		<redo>Повтор</redo>
		<cut>Вырезать</cut>
		<paste>Вставить</paste>
		<folding>Блоки</folding>
		<expandall>Развернуть все</expandall>
		<collapseall>Свернуть все</collapseall>
		<jumpto>Перейти к</jumpto>
		<togglcomment>Раз-/Закомментировать</togglcomment>
		<selectall>Выбрать всё</selectall>
		<findreplace>Поиск и замена</findreplace>
		<tools>Инструменты</tools>
		<options>Настройки программы</options>
		<parsedincdir>Установленный на ПК</parsedincdir>
		<oldapiweb>Страница старого API</oldapiweb>
		<newapiweb>Страница нового API</newapiweb>
		<reformatter>Переформатирование синтаксиса</reformatter>
		<reformatcurr>Переформатировать текущий</reformatcurr>
		<reformatall>Переформатировать все</reformatall>
		<decompile>Декомпилировать</decompile>
		<reportbuggit>Отправить на GitHub сообщение об ошибке</reportbuggit>
		<checkupdates>Проверить наличие обновлений</checkupdates>
		<about>О программе</about>
		<filename>Имя файла</filename>
		<line>Строка</line>
		<type>Тип</type>
		<normalsearch>Нормальный поиск</normalsearch>
		<matchwhowords>Совпадение всех слов</matchwhowords>
		<advancsearch>Расширенный поиск</advancsearch>
		<regexsearch>Регулярные выражения</regexsearch>
		<currdoc>Текущий документ</currdoc>
		<alldoc>Все открытые документы</alldoc>
		<find>Найти</find>
		<count>Считать</count>
		<casesen>Учитывать регистр</casesen>
		<multilineregex>Многострочная регулярка</multilineregex>
		<errorfileloadproc>Ошибка при загрузке и обработке файла.</errorfileloadproc>
		<notdissmethod>Не удалось разобрать метод {0}: {1}</notdissmethod>
		<dfilechanged>{0} был изменён.</dfilechanged>
		<filechanged>Файл изменён</filechanged>
		<filetryreload>Перезагрузить файл?</filetryreload>
		<dsaveerror>Ошибка при сохранении.</dsaveerror>
		<saveerror>Ошибка сохранения</saveerror>
		<savingfile>Сохранение файлов</savingfile>
		<ptabb>пункт</ptabb>
		<colabb>Столбец</colabb>
		<lnabb>Строка</lnabb>
		<lenabb>Длина</lenabb>
		<speditcap>легкий редактор SourcePawn</speditcap>
		<writtenby>Автор: {0}</writtenby>
		<license>Лицензия</license>
		<peopleinv>Помогали:</peopleinv>
		<preview>Предпросмотр</preview>
		<newfile>Новый файл</newfile>
		<configwrongpars>Конфиг не смог прочесть определения SourcePawn.</configwrongpars>
		<noname>без имени</noname>
		<poslen>поз: {0} - длн: {1}</poslen>
		<inheritedfr>унаследовано от</inheritedfr>
		<methodfrom>Method из</methodfrom>
		<propertyfrom>Property из</propertyfrom>
		<search>поиск</search>
		<delete>Удалить</delete>
		<name>Имя</name>
		<scriptdir>Папки скриптов</scriptdir>
		<delimitedwi>Разделять</delimitedwi>
		<copydir>Копировать папку</copydir>
		<serverexe>Исполняемый файл сервера</serverexe>
		<serverstartargs>Аргументы запуска сервера</serverstartargs>
		<prebuildcom>Pre-Build командная строка</prebuildcom>
		<postbuildcom>Post-Build командная строка</postbuildcom>
		<optimizelvl>Оптимизация</optimizelvl>
		<verboselvl>Уровень оптимизации</verboselvl>
		<autocopy>Скопировать после компиляции</autocopy>
		<deleteoldsmx>Удалить старый .smx после копирования</deleteoldsmx>
		<ftphost>Хост FTP</ftphost>
		<ftpuser>Пользователь FTP</ftpuser>
		<ftppw>Пароль FTP</ftppw>
		<ftpdir>Папка FTP</ftpdir>
		<comeditordir>Расположение исполняемого файла SPEdit</comeditordir>
		<comscriptdir>Расположение компилируемых скриптов</comscriptdir>
		<comcopydir>Место для хранения копируемых smx</comcopydir>
		<comscriptfile>Full Directory and Name of the script</comscriptfile>
		<comscriptname>Имя файла скрипта</comscriptname>
		<compluginfile>Full Directory and Name of the compiled script</compluginfile>
		<compluginname>Имя скомпилированного скрипта</compluginname>
		<rconengine>Движок RCon сервера</rconengine>
		<rconip>IP адрес RCon сервера</rconip>
		<rconport>Порт RCon сервера</rconport>
		<rconpw>Пароль RCon сервера</rconpw>
		<rconcom>Команды RCon сервера</rconcom>
		<compluginsreload>Перезапустить все скомпилированные плагины</compluginsreload>
		<compluginsloas>Запустить все скомпилированные плагины</compluginsloas>
		<compluginsunload>Выгрузить все скомпилированные плагины</compluginsunload>
		<newconfig>Новый конфиг</newconfig>
		<cannotdelconf>Нельзя удалить конфиг</cannotdelconf>
		<ycannotdelconf>Вы не можете удалить этот конфиг!</ycannotdelconf>
		<selectexe>Выберите исполняемый файл</selectexe>
		<cmdlinecom>Переменные командной строки</cmdlinecom>
		<rconcmdlinecom>Переменные командной строки Rcon</rconcmdlinecom>
		<resetoptions>Сброс опций</resetoptions>
		<resetoptques>Вы уверены, что хотите произвести сброс опций?</resetoptques>
		<restarteditor>Перезапустить редактор</restarteditor>
		<yrestarteditor>Вы должны перезапустить редактор для применения изменений.</yrestarteditor>
		<restartedifulleff>Перезапуск редактора для полного эффекта...</restartedifulleff>
		<restartedieff>Перезапуск редактора для полного эффекта...</restartedieff>
		<program>Программа</program>
		<hardwareacc>Использовать аппаратное ускорение (если возможно)</hardwareacc>
		<uianim>Анимация интерфейса</uianim>
		<openinc>Автоматическое использование инклюдов</openinc>
		<openincrec>Открывать инклюды рекурсивно</openincrec>
		<autoupdate>Автоматический поиск обновлений</autoupdate>
		<showtoolbar>Отобразить панель инструментов</showtoolbar>
		<dynamicisac>Динамическое автодополнение</dynamicisac>
		<darktheme>Тёмная тема</darktheme>
		<themecolor>Цвет темы</themecolor>
		<languagestr>Язык</languagestr>
		<editor>Редактор</editor>
		<fontsize>Размер шрифтов</fontsize>
		<scrollspeed>Скорость прокрутки</scrollspeed>
		<wordwrap>Перенос слов</wordwrap>
		<aggindentation>Агрессивный отступ</aggindentation>
		<reformataftersem>Переформатирование строки после точки с запятой</reformataftersem>
		<tabstospace>Заменить табуляцию пробелами</tabstospace>
		<autoclosebrack>Автозакрытие скобок</autoclosebrack>
		<autoclosestrchr>Автозакрытие кавычек для типов String, Char</autoclosestrchr>
		<showsapaces>Отображать пробелы</showsapaces>
		<showtabs>Отображать табуляцию</showtabs>
		<indentationsize>Размер отступа</indentationsize>
		<fontfamily>Шрифт</fontfamily>
		<syntaxhigh>Подсветка синтаксиса</syntaxhigh>
		<highdeprecat>Подсветка устаревшего (&lt;1.7) синтаксиса</highdeprecat>
		<compile>Компиляция</compile>
		<autosavemin>Aвтосохранение (мин)</autosavemin>
    <obtextfile>File Dir.</obtextfile>
    <obtextconfig>Config Dir.</obtextconfig>
    <obtextitem>Item Dir.</obtextitem>
	</ru>
	<pt>
		<language>Português</language>
		<serverrunning>Servidor em execução</serverrunning>
		<saving>Salvar</saving>
		<saveufiles>Salvar todos os arquivos não salvos?</saveufiles>
		<compileall>Compilar tudo</compileall>
		<compilecurr>Compilar Atual</compilecurr>
		<copy>Copiar</copy>
		<ftpup>Enviar FTP</ftpup>
		<startserver>Iniciar Servidor</startserver>
		<replace>Substituir</replace>
		<replaceall>Substituir tudo</replaceall>
		<opennewfile>Abrir novo arquivo</opennewfile>
		<nofilopened>Nenhum arquivo aberto.</nofilopened>
		<nofileopenedcap>Nenhum dos arquivos selecionados pode ser aberto.</nofileopenedcap>
		<savefileas>Salvar arquivo como</savefileas>
		<savefollow>Salve os seguintes arquivos</savefollow>
		<chdecomp>Selecione plugin para descompilar</chdecomp>
		<decompiling>Descompilação</decompiling>
		<editconfig>Editar configurações</editconfig>
		<foundinoff>Encontrado no offset {0} com comprimento {1}</foundinoff>
		<foundnothing>Nada encontrado</foundnothing>
		<replacedoff>Substituído em offset {0}</replacedoff>
		<replacedocc>Substituiu {0} ocorrências em {1} documentos</replacedocc>
		<occfound>Ocorrências encontradas</occfound>
		<emptypatt>Padrão de pesquisa vazio</emptypatt>
		<novalidregex>Nenhum padrão de regex válido</novalidregex>
		<failedcheck>Falha ao verificar</failedcheck>
		<errorupdate>Erro ao verificar atualizações.</errorupdate>
		<versuptodate>Versão atualizada</versuptodate>
		<versionyour>Sua versão do programa {0} está atualizada.</versionyour>
		<details>Detalhos</details>
		<compiling>Compilando</compiling>
		<error>Erro</error>
		<spcompnotstarted>O compilador spcomp.exe não iniciou corretamente.</spcompnotstarted>
		<spcompnotfound>Não foi possível encontrar o compilador spcomp.exe.</spcompnotfound>
		<copied>Copiado</copied>
		<deleted>Apagado</deleted>
		<failcopy>Falha ao copiar</failcopy>
		<nofilescopy>Nenhum arquivo copiado</nofilescopy>
		<uploaded>Carregado</uploaded>
		<erroruploadfile>Erro ao carregar o ficheiro: {0} para {1}</erroruploadfile>
		<errorupload>Erro ao carregar ficheiros</errorupload>
		<done>feito</done>
		<file>Arquivo</file>
		<new>Novo</new>
		<open>Aberta</open>
		<save>Salvar</save>
		<saveall>Salvar tudo</saveall>
		<saveas>Salvar como</saveas>
		<close>Fechar</close>
		<closeall>Fechar tudo</closeall>
		<build>Construir</build>
		<copyplugin>Copiar plugins</copyplugin>
		<sendrcon>Enviar comandos RCon</sendrcon>
		<config>Configuração</config>
		<edit>Editar</edit>
		<undo>Desfazer</undo>
		<redo>Refazer</redo>
		<cut>Curtar</cut>
		<paste>Colar</paste>
		<folding>Dobrados</folding>
		<expandall>Expandir todos</expandall>
		<collapseall>Recolher todos</collapseall>
		<jumpto>Saltar para</jumpto>
		<togglcomment>interruptar comentarios</togglcomment>
		<selectall>Selecionar tudo</selectall>
		<findreplace>Localizar &amp; Substituir</findreplace>
		<tools>Ferramentas</tools>
		<options>Opções</options>
		<parsedincdir>Analisado do diretório include</parsedincdir>
		<oldapiweb>Site da API antiga</oldapiweb>
		<newapiweb>Novo site da API</newapiweb>
		<reformatter>Reformatar Sintaxe</reformatter>
		<reformatcurr>Reformatar atual</reformatcurr>
		<reformatall>Reformatar Tudo</reformatall>
		<decompile>Descompilar</decompile>
		<reportbuggit>Relatar erro no GitHub</reportbuggit>
		<checkupdates>Verificar atualizações</checkupdates>
		<about>Sobre</about>
		<filename>Nome do arquivo</filename>
		<line>Linha</line>
		<type>Digitar</type>
		<normalsearch>Pesquisa normal</normalsearch>
		<matchwhowords>Combinar palavras inteiras</matchwhowords>
		<advancsearch>Busca Avançada</advancsearch>
		<regexsearch>Pesquisa Regex</regexsearch>
		<currdoc>Documento atual</currdoc>
		<alldoc>Todos os documentos abertos</alldoc>
		<find>Encontrar</find>
		<count>Contagem</count>
		<casesen>Caso Sensivel</casesen>
		<multilineregex>Regex Multilinhas</multilineregex>
		<errorfileloadproc>Erro ao carregar e ao processar o arquivo.</errorfileloadproc>
		<notdissmethod>Não foi possível desmontar o método {0}: {1}</notdissmethod>
		<dfilechanged>{0} foi alterado.</dfilechanged>
		<filechanged>Arquivo alterado</filechanged>
		<filetryreload>Tente recarregar o arquivo?</filetryreload>
		<dsaveerror>Ocorreu um erro ao salvar.</dsaveerror>
		<saveerror>Salvar erro</saveerror>
		<savingfile>Salvando arquivo</savingfile>
		<ptabb>pt</ptabb>
		<colabb>Col</colabb>
		<lnabb>Ln</lnabb>
		<lenabb>len</lenabb>
		<speditcap>Um editor Leve do sourcepawn</speditcap>
		<writtenby>Escrito por: {0}</writtenby>
		<license>Licença</license>
		<peopleinv>Pessoas envolvidas</peopleinv>
		<preview>Visualização</preview>
		<newfile>Novo arquivo</newfile>
		<configwrongpars>A configuração não foi capaz de analisar uma definição de sourcepawn.</configwrongpars>
		<noname>Sem nome</noname>
		<poslen>pos: {0} - len: {1}</poslen>
		<inheritedfr>Herdado de</inheritedfr>
		<methodfrom>Method de</methodfrom>
		<propertyfrom>Property de</propertyfrom>
		<search>pesquisa</search>
		<delete>Excluir</delete>
		<name>Nome</name>
		<scriptdir>Diretórios de script</scriptdir>
		<delimitedwi>Delimit com</delimitedwi>
		<copydir>Copiar o diretório</copydir>
		<serverexe>Servidor executável</serverexe>
		<serverstartargs>Argumentos de inicialização do servidor</serverstartargs>
		<prebuildcom>linha de comando Pre-Build</prebuildcom>
		<postbuildcom>linha de comando Post-Build</postbuildcom>
		<optimizelvl>Nível de otimização</optimizelvl>
		<verboselvl>Nível detalhado</verboselvl>
		<autocopy>Cópia automática após compilação</autocopy>
		<deleteoldsmx>Exclua o .smx antigo após a cópia</deleteoldsmx>
		<ftphost>Host FTP</ftphost>
		<ftpuser>Usuário de FTP</ftpuser>
		<ftppw>Senha de FTP</ftppw>
		<ftpdir>Diretório do FTP</ftpdir>
		<comeditordir>Diretório do binário SPEdit</comeditordir>
		<comscriptdir>Diretório do script de compilação</comscriptdir>
		<comcopydir>Diretório onde o smx deve ser copiado</comcopydir>
		<comscriptfile>Diretório completo e nome do script</comscriptfile>
		<comscriptname>Nome do arquivo do script</comscriptname>
		<compluginfile>Diretório completo e nome do script compilado</compluginfile>
		<compluginname>Nome do arquivo do script compilado</compluginname>
		<rconengine>RCon Motor do servidor</rconengine>
		<rconip>RCon IP do Servidor</rconip>
		<rconport>RCon Porta do servidor</rconport>
		<rconpw>RCon Senha do servidor</rconpw>
		<rconcom>RCon Comandos do servidor</rconcom>
		<compluginsreload>Recarrega todos os plugins compilados</compluginsreload>
		<compluginsloas>Carrega todos os plugins compilados</compluginsloas>
		<compluginsunload>Descarrega todos os plugins compilados</compluginsunload>
		<newconfig>Nova configuração</newconfig>
		<cannotdelconf>Não é possível excluir a configuração</cannotdelconf>
		<ycannotdelconf>Voce nao pode apagar esta configuração!</ycannotdelconf>
		<selectexe>Selecionar Executável</selectexe>
		<cmdlinecom>Variáveis da linha de comando</cmdlinecom>
		<rconcmdlinecom>Rcon Variáveis de linha de comando</rconcmdlinecom>
		<resetoptions>Redefinir opções</resetoptions>
		<resetoptques>Tem certeza de que deseja redefinir as opções?</resetoptques>
		<restarteditor>Reinicie o editor</restarteditor>
		<yrestarteditor>Você precisa reiniciar o editor para que as alterações tenham efeito.</yrestarteditor>
		<restartedifulleff>Reinicie o editor para ter pleno efeito...</restartedifulleff>
		<restartedieff>Reinicie o editor para ter efeito...</restartedieff>
		<program>Programa</program>
		<hardwareacc>Usar aceleração de hardware (se disponível)</hardwareacc>
		<uianim>Animações da UI</uianim>
		<openinc>Abertura automática inclui</openinc>
		<openincrec>Abrir Inclui Recursivo</openincrec>
		<autoupdate>Pesquisar atualizações automaticamente</autoupdate>
		<showtoolbar>Mostrar barra de ferramentas</showtoolbar>
		<dynamicisac>Autocomplemento Dinâmico / Intellisense</dynamicisac>
		<darktheme>Tema escuro</darktheme>
		<themecolor>Cor do tema</themecolor>
		<languagestr>Língua</languagestr>
		<editor>Editor</editor>
		<fontsize>Tamanho da fonte</fontsize>
		<scrollspeed>Velocidade de deslocamento</scrollspeed>
		<wordwrap>Envolvimento de palavras</wordwrap>
		<aggindentation>Indentação agressiva</aggindentation>
		<reformataftersem>Reformatar linha após ponto e vírgula</reformataftersem>
		<tabstospace>Substituir guias por espaços</tabstospace>
		<autoclosebrack>Fechamento automático de parênteses</autoclosebrack>
		<autoclosestrchr>Fechar automaticamente Strings, Chars</autoclosestrchr>
		<showsapaces>Mostrar espaços</showsapaces>
		<showtabs>Mostrar guias</showtabs>
		<indentationsize>Indentação de Tamanho</indentationsize>
		<fontfamily>Fonte</fontfamily>
		<syntaxhigh>Destaque de Syntaxe</syntaxhigh>
		<highdeprecat>Destaque a sintaxe depreciada (&lt; 1.7)</highdeprecat>
		<compile>Compilar</compile>
		<autosavemin>Salvamento automático (min)</autosavemin>
    <obtextfile>File Dir.</obtextfile>
    <obtextconfig>Config Dir.</obtextconfig>
    <obtextitem>Item Dir.</obtextitem>
	</pt>
	<pl>
		<language>Polski</language>
		<serverrunning>Serwer pracuje</serverrunning>
		<saving>Zapisywanie</saving>
		<saveufiles>Zapisać wszystkie niezapisane pliki?</saveufiles>
		<compileall>Skompiluj wszystkie</compileall>
		<compilecurr>Skompiluj bieżący</compilecurr>
		<copy>Kopiuj</copy>
		<ftpup>Wrzucanie na FTP</ftpup>
		<startserver>Uruchom Serwer</startserver>
		<replace>Zamień</replace>
		<replaceall>Zamień Wszystkie</replaceall>
		<opennewfile>Otwórz nowy plik</opennewfile>
		<nofilopened>Brak otwartych plików.</nofilopened>
		<nofileopenedcap>Żaden z wybranych plików nie mógł zostać otwarty.</nofileopenedcap>
		<savefileas>Zapisz jako</savefileas>
		<savefollow>Zapisz bieżące pliki</savefollow>
		<chdecomp>Wybierz plugin do dekompilacji</chdecomp>
		<decompiling>Dekompilacja</decompiling>
		<editconfig>Edytuj Konfiguracje</editconfig>
		<foundinoff>Znaleziono w marginesie {0} o długości {1}</foundinoff>
		<foundnothing>Nie znaleziono</foundnothing>
		<replacedoff>Zamieniono w marginesie {0}</replacedoff>
		<replacedocc>Zamieniono {0} wystąpień w {1} dokumentach</replacedocc>
		<occfound>znalezionych wystąpień</occfound>
		<emptypatt>Pusty wzór wyszukiwania</emptypatt>
		<novalidregex>Błędny wzór wyrażenia regularnego</novalidregex>
		<failedcheck>Nie udało się sprawdzić</failedcheck>
		<errorupdate>Bład podczas sprawdzania aktualizacji.</errorupdate>
		<versuptodate>Wersja aktualna</versuptodate>
		<versionyour>Twoja wersja programu {0} jest aktualna.</versionyour>
		<details>Szczegóły</details>
		<compiling>Kompilacja</compiling>
		<error>Błąd</error>
		<spcompnotstarted>Kompilator spcomp.exe nie został poprawnie uruchomiony.</spcompnotstarted>
		<spcompnotfound>Kompilator spcomp.exe nie został znaleziony.</spcompnotfound>
		<copied>Skopiowanio</copied>
		<deleted>Usunięto</deleted>
		<failcopy>Nie udało się skopiować</failcopy>
		<nofilescopy>Brak skopiowanych plików</nofilescopy>
		<uploaded>Wrzucono</uploaded>
		<erroruploadfile>Błąd podczas wrzucania pliku: {0} do {1}</erroruploadfile>
		<errorupload>Błąd podczas wrzucania plików.</errorupload>
		<done>ukonczone</done>
		<file>Plik</file>
		<new>Nowy</new>
		<open>Otwórz</open>
		<save>Zapisz</save>
		<saveall>Zapisz wszystkie</saveall>
		<saveas>Zapisz jako</saveas>
		<close>Zamknij</close>
		<closeall>Zamknij wszystkie</closeall>
		<build>Zbuduj</build>
		<copyplugin>Kopiuj pluginy</copyplugin>
		<sendrcon>Wyślij komendy RCon</sendrcon>
		<config>Konfiguracja</config>
		<edit>Edytuj</edit>
		<undo>Cofnij</undo>
		<redo>Przywróć</redo>
		<cut>Wytnij</cut>
		<paste>Wklej</paste>
		<folding>Foldings</folding>
		<expandall>Rozwiń wszystkie</expandall>
		<collapseall>Zwiń wszystkie</collapseall>
		<jumpto>Skocz do</jumpto>
		<togglcomment>Przełącz komentarze</togglcomment>
		<selectall>Zaznacz wszystko</selectall>
		<findreplace>Znajdz &amp; Zamień</findreplace>
		<tools>Narzędzia</tools>
		<options>Opcje</options>
		<parsedincdir>Analiza składniowa z folderu include</parsedincdir>
		<oldapiweb>Stare API</oldapiweb>
		<newapiweb>Nowe API</newapiweb>
		<reformatter>Formatowanie składni</reformatter>
		<reformatcurr>Formatuj bieżący</reformatcurr>
		<reformatall>Formatuj wszystkie</reformatall>
		<decompile>Dekompiluj</decompile>
		<reportbuggit>Zgloś bląd na GitHub</reportbuggit>
		<checkupdates>Sprawdź aktualizacje</checkupdates>
		<about>O programie...</about>
		<filename>Nazwa Pliku</filename>
		<line>Linia</line>
		<type>Typ</type>
		<normalsearch>Normalne wyszukiwanie</normalsearch>
		<matchwhowords>Znajdź pełne słowa</matchwhowords>
		<advancsearch>Zaawansowane wyszukiwanie</advancsearch>
		<regexsearch>Regex search</regexsearch>
		<currdoc>Bieżący dokument</currdoc>
		<alldoc>Wszystkie otwarte dokumenty</alldoc>
		<find>Znajdź</find>
		<count>Policz</count>
		<casesen>Uwzględnij wielkość liter</casesen>
		<multilineregex>Wieloliniowe wyrażenie składniowe</multilineregex>
		<errorfileloadproc>Bląd podczas ladowania i przetwarzania pliku.</errorfileloadproc>
		<notdissmethod>Nie udało się rozłożyć metody {0}: {1}</notdissmethod>
		<dfilechanged>{0} został zmieniony.</dfilechanged>
		<filechanged>Plik zmieniony</filechanged>
		<filetryreload>Spróbować przeładować plik?</filetryreload>
		<dsaveerror>Wystąpił błąd podczas zapisywania.</dsaveerror>
		<saveerror>Błąd zapisu</saveerror>
		<savingfile>Zapisywanie pliku</savingfile>
		<ptabb>pt</ptabb>
		<colabb>Kol</colabb>
		<lnabb>Ln</lnabb>
		<lenabb>Dłg</lenabb>
		<speditcap>lekki edytor sourcepawn</speditcap>
		<writtenby>napisane przez: {0}</writtenby>
		<license>Licencja</license>
		<peopleinv>Zaangazowani ludzie</peopleinv>
		<preview>Podgląd</preview>
		<newfile>Nowy plik</newfile>
		<configwrongpars>Konfiguracja nie była w stanie zanalizować składni definicji sourcepawn.</configwrongpars>
		<noname>brak nazwy</noname>
		<poslen>poz: {0} - dłg: {1}</poslen>
		<inheritedfr>odziedziczone od</inheritedfr>
		<methodfrom>Method z</methodfrom>
		<propertyfrom>Property z</propertyfrom>
		<search>znajdź</search>
		<delete>Usuń</delete>
		<name>Nazwa</name>
		<scriptdir>Foldery skryptowe</scriptdir>
		<delimitedwi>Oddziel z</delimitedwi>
		<copydir>Kopiuj ścieżke</copydir>
		<serverexe>Plik wykonywalny serwera</serverexe>
		<serverstartargs>Linia startowa serwera</serverstartargs>
		<prebuildcom>Przedkompilacyjny wiersz poleceń</prebuildcom>
		<postbuildcom>Pokompilacyjny wiersz poleceń</postbuildcom>
		<optimizelvl>Poziom optymalizacji</optimizelvl>
		<verboselvl>Poziom szczególowości</verboselvl>
		<autocopy>Automatycznie kopiuj po kompilacji</autocopy>
		<deleteoldsmx>Usuń stary plik .smx po skopiowaniu</deleteoldsmx>
		<ftphost>Host FTP</ftphost>
		<ftpuser>Użytkownik FTP</ftpuser>
		<ftppw>Hasło FTP</ftppw>
		<ftpdir>Scieżka FTP</ftpdir>
		<comeditordir>Folder główny SPEdit</comeditordir>
		<comscriptdir>Folder Kompilowanych skryptów</comscriptdir>
		<comcopydir>Folder gdzie .smx powinien być kopiowany</comcopydir>
		<comscriptfile>Pelna ścieżka i nazwa skryptu</comscriptfile>
		<comscriptname>Nazwa pliku skryptu</comscriptname>
		<compluginfile>Pełna ścieżka i nazwa skompilowanego skryptu</compluginfile>
		<compluginname>Nazwa pliku skompilowanego skryptu</compluginname>
		<rconengine>Silnik serwera RCon</rconengine>
		<rconip>IP Serwera RCon</rconip>
		<rconport>Port Serwera RCon</rconport>
		<rconpw>Haslo Serwera RCon</rconpw>
		<rconcom>Komendy Serwera RCon</rconcom>
		<compluginsreload>Przeladowuje wszystkie skompilowane pluginy</compluginsreload>
		<compluginsloas>Ładuje wszystkie skompilowane pluginy</compluginsloas>
		<compluginsunload>Wyładowuje wszystkie skompilowane pluginy</compluginsunload>
		<newconfig>Nowa konfiguracja</newconfig>
		<cannotdelconf>Nie można usunąć konfiguracji</cannotdelconf>
		<ycannotdelconf>Nie możesz usunąć tej konfiguracji!</ycannotdelconf>
		<selectexe>Plik wykonywalny serwera</selectexe>
		<cmdlinecom>Zmienne wiersza poleceń</cmdlinecom>
		<rconcmdlinecom>Rcon commandline variables</rconcmdlinecom>
		<resetoptions>Resetuj opcje</resetoptions>
		<resetoptques>Jesteś pewny, że chcesz zresetowac opcje?</resetoptques>
		<restarteditor>Uruchom Ponownie Edytor</restarteditor>
		<yrestarteditor>Musisz uruchomić ponownie edytor aby zmiany zostały wprowadzone.</yrestarteditor>
		<restartedifulleff>Uruchom ponownie edytor aby zobaczyć efekt...</restartedifulleff>
		<restartedieff>Uruchom ponownie edytor aby zobaczyć efekt...</restartedieff>
		<program>Program</program>
		<hardwareacc>Użyj akceleracji sprzętowej (jeśli dostępna)</hardwareacc>
		<uianim>Animacje IU</uianim>
		<openinc>Automatycznie otwieraj includy</openinc>
		<openincrec>Otwieraj Includy Rekursywnie</openincrec>
		<autoupdate>Automatycznie szukaj aktualizacji</autoupdate>
		<showtoolbar>Pokaż pasek narzędzi</showtoolbar>
		<dynamicisac>Dynamicze Autouzupełnianie/Intellisense</dynamicisac>
		<darktheme>Ciemne tło</darktheme>
		<themecolor>Kolor tła</themecolor>
		<languagestr>Język</languagestr>
		<editor>Edytor</editor>
		<fontsize>Wielkość czcionki</fontsize>
		<scrollspeed>Prędkość przewijania</scrollspeed>
		<wordwrap>Zawijanie wierszy</wordwrap>
		<aggindentation>Agressive Indentation</aggindentation>
		<reformataftersem>Reformatting line after semicolon</reformataftersem>
		<tabstospace>Zamień tabulatory na spacje</tabstospace>
		<autoclosebrack>Automatycznie zamykaj nawiasy</autoclosebrack>
		<autoclosestrchr>Automatycznie zamykaj cudzysłów (string, char)</autoclosestrchr>
		<showsapaces>Pokaż spacje</showsapaces>
		<showtabs>Pokaż tabulatory</showtabs>
		<indentationsize>Wielkość wcięć</indentationsize>
		<fontfamily>Czcionka</fontfamily>
		<syntaxhigh>Podświetlanie składni</syntaxhigh>
		<highdeprecat>Podświetlaj przestarzałe (&lt;1.7) składnie</highdeprecat>
		<compile>Kompiluj</compile>
		<autosavemin>Automatyczny zapis (min)</autosavemin>
    <obtextfile>File Dir.</obtextfile>
    <obtextconfig>Config Dir.</obtextconfig>
    <obtextitem>Item Dir.</obtextitem>
	</pl>
	<tr>
		<language>Türkçe</language>
		<serverrunning>Sunucu Çalışıyor</serverrunning>
		<saving>Kaydet</saving>
		<saveufiles>Tüm Dosyaları Kaydet</saveufiles>
		<compileall>Herşeyi Derle</compileall>
		<compilecurr>Derle</compilecurr>
		<copy>Derle</copy>
		<ftpup>FTP Yükle</ftpup>
		<startserver>Sunucu Başlar</startserver>
		<replace>Değiştir</replace>
		<replaceall>Herşeyi Değiştir</replaceall>
		<opennewfile>Yeni Dosya Aç</opennewfile>
		<nofilopened>Açık Dosya Yok</nofilopened>
		<nofileopenedcap>Seçilen Dosyalar Açılamaz</nofileopenedcap>
		<savefileas>Farklı Kaydet</savefileas>
		<savefollow>Aşağıdaki Dosyaları Kaydet</savefollow>
		<chdecomp>Decompile İçin Dosya Seçin</chdecomp>
		<decompiling>Decompile</decompiling>
		<editconfig>Düzen Yapılandırma</editconfig>
		<foundinoff>Ofset ve uzunluğu {0} ile bulunan {1}</foundinoff>
		<foundnothing>Hiçbir şey bulunamadı</foundnothing>
		<replacedoff>Ofset değiştirir {0}</replacedoff>
		<replacedocc>{0} olaylar {1} belgelerde yerini değiştir</replacedocc>
		<occfound>Olaylar bulundu</occfound>
		<emptypatt>Boş arama terimi</emptypatt>
		<novalidregex>Geçerli regex ifadesi değil</novalidregex>
		<failedcheck>Doğrulanamadı</failedcheck>
		<errorupdate>Güncellemele hatası</errorupdate>
		<versuptodate>Güncel Sürüm</versuptodate>
		<versionyour>Program sürümü {0} şu anda.</versionyour>
		<details>Detaylar</details>
		<compiling>Derle</compiling>
		<error>Hata</error>
		<spcompnotstarted>Spcomp.exe derleyici düzgün başlatılamadı.</spcompnotstarted>
		<spcompnotfound>Spcomp.exe derleyici bulunamadı.</spcompnotfound>
		<copied>Kopyalandı</copied>
		<deleted>Silindi</deleted>
		<failcopy>Kopyalama Hatası</failcopy>
		<nofilescopy>Hiçbir dosya kopyalanamadı</nofilescopy>
		<uploaded>Yüklendi</uploaded>
		<erroruploadfile>Hata Yükleme: {0} ile {1}</erroruploadfile>
		<errorupload>Dosya Yükleme Hatası</errorupload>
		<done>Başarılı</done>
		<file>Dosya</file>
		<new>Yeni</new>
		<open>Aç</open>
		<save>Kaydet</save>
		<saveall>Tümünü Kaydet</saveall>
		<saveas>Farklı Kaydet</saveas>
		<close>Kapat</close>
		<closeall>Tümünü Kapat</closeall>
		<build>Derle</build>
		<copyplugin>Eklenti Kopyalandı</copyplugin>
		<sendrcon>Rcon Komutu Gönder</sendrcon>
		<config>Ayarlar</config>
		<edit>Düzen</edit>
		<undo>Geri Al</undo>
		<redo>İleri Al</redo>
		<cut>Kes</cut>
		<paste>Yapıştır</paste>
		<folding>Bloklar</folding>
		<expandall>Tümünü genişlet</expandall>
		<collapseall>Hepsini kapa</collapseall>
		<jumpto>Git</jumpto>
		<togglcomment>Yorum Satırı</togglcomment>
		<selectall>Tümünü Seç</selectall>
		<findreplace>Bul &amp; Değiştir</findreplace>
		<tools>Araçlar</tools>
		<options>Ayarlar</options>
		<parsedincdir>Vom include-Pfad erkannt</parsedincdir>
		<oldapiweb>Eski API web sitesi</oldapiweb>
		<newapiweb>Yeni API web sitesi</newapiweb>
		<reformatter>Biçimlendirme Sözdizimi yeni</reformatter>
		<reformatcurr>biçim</reformatcurr>
		<reformatall>Biçimlendirme tüm</reformatall>
		<decompile>Decompile</decompile>
		<reportbuggit>GitHub üzerinde hata bildir</reportbuggit>
		<checkupdates>Güncelleme Denetler</checkupdates>
		<about>Hakkında</about>
		<filename>Dosya İsimi</filename>
		<line>Satır</line>
		<type>Tür</type>
		<normalsearch>Normal Arama</normalsearch>
		<matchwhowords>Kelime Arama</matchwhowords>
		<advancsearch>Gelişmiş Arama</advancsearch>
		<regexsearch>Regex Arama</regexsearch>
		<currdoc>Anlık Belge</currdoc>
		<alldoc>Tüm Açık Belgeler</alldoc>
		<find>Bul</find>
		<count>Say</count>
		<casesen>Büyük / küçük harf</casesen>
		<multilineregex>Çok satırlı regex</multilineregex>
		<errorfileloadproc>Hata</errorfileloadproc>
		<notdissmethod>Yöntemi ayrıştırılamıyor {0}: {1}</notdissmethod>
		<dfilechanged>{0} değişti.</dfilechanged>
		<filechanged>değiştirilmiş dosya</filechanged>
		<filetryreload>Bu dosyayı güncelle?</filetryreload>
		<dsaveerror>Kaydederken bir hata olmuştur.</dsaveerror>
		<saveerror>Kaydetme Hatası</saveerror>
		<savingfile>dosyayı kaydetmek</savingfile>
		<ptabb>pt</ptabb>
		<colabb>Sp</colabb>
		<lnabb>Zl</lnabb>
		<lenabb>Lng</lenabb>
		<speditcap>Kolay SourcePawn Editörü</speditcap>
		<writtenby>Yazar: {0}</writtenby>
		<license>Lisans</license>
		<peopleinv>Yardımda Bulunanlar:</peopleinv>
		<preview>Önizleme</preview>
		<newfile>Yeni Dosya</newfile>
		<configwrongpars>Yapılandırma tanımı SourcePawn okuyamadı.</configwrongpars>
		<noname>İsim Yok</noname>
		<poslen>Pos: {0} - Len: {1}</poslen>
		<inheritedfr>Miras</inheritedfr>
		<methodfrom>Yöntem</methodfrom>
		<propertyfrom>Mülkiyeti</propertyfrom>
		<search>Ara</search>
		<delete>Sil</delete>
		<name>İsim</name>
		<scriptdir>Script Dizini</scriptdir>
		<delimitedwi>Pay</delimitedwi>
		<copydir>Kopyala Yol</copydir>
		<serverexe>Sunucu yolu</serverexe>
		<serverstartargs>Sunucu başlatma parametresi</serverstartargs>
		<prebuildcom>Pre-build komutları</prebuildcom>
		<postbuildcom>Post-build komutları</postbuildcom>
		<optimizelvl>optimizasyon</optimizelvl>
		<verboselvl>Ayrıntılı Seviye</verboselvl>
		<autocopy>Otomatik olarak derleme kopyalaması</autocopy>
		<deleteoldsmx>Eski .SMX Dosyasını Sil</deleteoldsmx>
		<ftphost>FTP Sunucusu</ftphost>
		<ftpuser>FTP Kullanıcı Adı</ftpuser>
		<ftppw>FTP Şifre</ftppw>
		<ftpdir>FTP Dizin</ftpdir>
		<comeditordir>Yol SPEDIT-Binary için</comeditordir>
		<comscriptdir>Yer derlenmiş komut dosyaları</comscriptdir>
		<comcopydir>SMX Kopya yolu</comcopydir>
		<comscriptfile>Script dosyası için tam yolu ve adı</comscriptfile>
		<comscriptname>Script dosya adı</comscriptname>
		<compluginfile>Derlenmiş scriptin Tam Dizini ve Adı</compluginfile>
		<compluginname>Derlenmiş script Ad</compluginname>
		<rconengine>RCon Sunucu</rconengine>
		<rconip>RCon Sunucu IP</rconip>
		<rconport>RCon Sunucu Port</rconport>
		<rconpw>RCon Sunucu Şifre</rconpw>
		<rconcom>RCon Server Komut</rconcom>
		<compluginsreload>Tüm derlenmiş eklentileri yeniden başlatın</compluginsreload>
		<compluginsloas>Tüm derlenmiş eklentileri çalıştır</compluginsloas>
		<compluginsunload>Derlenen tüm eklentileri durdur</compluginsunload>
		<newconfig>Yeni yapılandırma</newconfig>
		<cannotdelconf>Yapılandırma silinemiyor</cannotdelconf>
		<ycannotdelconf>Bu yapılandırmayı silemezsiniz.</ycannotdelconf>
		<selectexe>dosyayi seçin</selectexe>
		<cmdlinecom>Değişkenler komut satırı</cmdlinecom>
		<rconcmdlinecom>Rcon komutu değişkenleri</rconcmdlinecom>
		<resetoptions>sıfırlama seçenekleri</resetoptions>
		<resetoptques>Seçeneklerini sıfırlamak istediğinize emin misiniz?</resetoptques>
		<restarteditor>Düzenleyici sıfırlandı</restarteditor>
		<yrestarteditor>Değişiklikleri uygulamak için editörü yeniden başlatmanız gerekir.</yrestarteditor>
		<restartedifulleff>Editör tam etkili olması için yeniden başlatın...</restartedifulleff>
		<restartedieff>Reset Seçenekleri</restartedieff>
		<program>Programm</program>
		<hardwareacc>Kullanım donanım hızlandırma (varsa)</hardwareacc>
		<uianim>UI Animasyonları</uianim>
		<openinc>Otomatik kullanım Include</openinc>
		<openincrec>Include aç</openincrec>
		<autoupdate>Otomatik Güncelle</autoupdate>
		<showtoolbar>Araç çubuğunu göster</showtoolbar>
		<dynamicisac>Dinamik Otomatik Geçiş / Duyarlılık</dynamicisac>
		<darktheme>Karanlık Tema</darktheme>
		<themecolor>Tema Rengi</themecolor>
		<languagestr>Dil</languagestr>
		<editor>Editör</editor>
		<fontsize>Font Boyutu</fontsize>
		<scrollspeed>Kaydırma Hızı</scrollspeed>
		<wordwrap>Kelime Sarma</wordwrap>
		<aggindentation>Agresif girinti</aggindentation>
		<reformataftersem>Noktalı virgül ile hat reformasyon</reformataftersem>
		<tabstospace>Sekmeleri boşluk ile değiştirmek</tabstospace>
		<autoclosebrack>Otomatik olarak parantezi kapat</autoclosebrack>
		<autoclosestrchr>Otomatik olarak dizeleri, parantezleri kapat</autoclosestrchr>
		<showsapaces>Boşlukları Göster</showsapaces>
		<showtabs>Sekmeleri Göster</showtabs>
		<indentationsize>Girinti büyüklüğü</indentationsize>
		<fontfamily>Yazı</fontfamily>
		<syntaxhigh>Sözdizimi vurgulama</syntaxhigh>
		<highdeprecat>Önerililen sözdizimi vurgulayın (&lt; 1.7)</highdeprecat>
		<compile>Derle</compile>
		<autosavemin>Otomatik kaydetme (Dakika)</autosavemin>
    <obtextfile>File Dir.</obtextfile>
    <obtextconfig>Config Dir.</obtextconfig>
    <obtextitem>Item Dir.</obtextitem>
	</tr>
	<zhCN>
		<language>简体中文</language>
		<serverrunning>服务器运行中</serverrunning>
		<saving>保存中</saving>
		<saveufiles>是否保存所有文件?</saveufiles>
		<compileall>全部编译</compileall>
		<compilecurr>编译当前文件</compilecurr>
		<copy>复制</copy>
		<ftpup>FTP 上传</ftpup>
		<startserver>启动服务器</startserver>
		<replace>替换</replace>
		<replaceall>全部替换</replaceall>
		<opennewfile>打开文件</opennewfile>
		<nofilopened>未能打开文件</nofilopened>
		<nofileopenedcap>未能打开任何已选择的文件。</nofileopenedcap>
		<savefileas>文件另存为</savefileas>
		<savefollow>保存以下文件</savefollow>
		<chdecomp>选择需要反编译的插件</chdecomp>
		<decompiling>反编译中</decompiling>
		<editconfig>编辑编译配置</editconfig>
		<foundinoff>位于 {0} 位置长度 {1} 的匹配项已找到</foundinoff>
		<foundnothing>未找到匹配文本</foundnothing>
		<replacedoff>已替换匹配项于位置 {0}</replacedoff>
		<replacedocc>已替换 {1} 个文档中的 {0} 个位置</replacedocc>
		<occfound>个位置已找到</occfound>
		<emptypatt>查询表达式为空</emptypatt>
		<novalidregex>无效的正则表达式</novalidregex>
		<failedcheck>检查版本更新失败</failedcheck>
		<errorupdate>在检查程序更新时发生错误</errorupdate>
		<versuptodate>最新版本</versuptodate>
		<versionyour>应用程序已是最新版本({0})</versionyour>
		<details>说明</details>
		<compiling>正在编译</compiling>
		<error>发生错误</error>
		<spcompnotstarted>spcomp.exe 编译器未能正常启动。</spcompnotstarted>
		<spcompnotfound>未找到 spcomp.exe 编译器。</spcompnotfound>
		<copied>已复制</copied>
		<deleted>已删除</deleted>
		<failcopy>复制失败</failcopy>
		<nofilescopy>未复制任何文件</nofilescopy>
		<uploaded>已上传</uploaded>
		<erroruploadfile>将文件 {0} 上传到 {1} 时出错。</erroruploadfile>
		<errorupload>上传文件时发生错误</errorupload>
		<done>操作完成</done>
		<file>文件</file>
		<new>新建</new>
		<open>打开</open>
		<save>保存</save>
		<saveall>全部保存</saveall>
		<saveas>另存为</saveas>
		<close>关闭</close>
		<closeall>关闭所有</closeall>
		<build>生成</build>
		<copyplugin>复制插件</copyplugin>
		<sendrcon>发送 RCon 命令</sendrcon>
		<config>配置</config>
		<edit>编辑</edit>
		<undo>撤销</undo>
		<redo>重做</redo>
		<cut>剪切</cut>
		<paste>粘贴</paste>
		<folding>折叠选项</folding>
		<expandall>全部展开</expandall>
		<collapseall>全部折叠</collapseall>
		<jumpto>跳转到</jumpto>
		<togglcomment>切换注释</togglcomment>
		<selectall>全选</selectall>
		<findreplace>查找和替换</findreplace>
		<tools>工具</tools>
		<options>选项</options>
		<parsedincdir>从引用目录中转换</parsedincdir>
		<oldapiweb>API帮助查询网站(旧版)</oldapiweb>
		<newapiweb>API帮助查询网站(新版)</newapiweb>
		<reformatter>语法格式器</reformatter>
		<reformatcurr>设置选定内容的格式</reformatcurr>
		<reformatall>设置文档格式</reformatall>
		<decompile>反编译</decompile>
		<reportbuggit>在GitHub上回报程序漏洞</reportbuggit>
		<checkupdates>检查更新</checkupdates>
		<about>关于</about>
		<filename>文件</filename>
		<line>行数</line>
		<type>类型</type>
		<normalsearch>普通模式</normalsearch>
		<matchwhowords>整字匹配</matchwhowords>
		<advancsearch>进阶模式</advancsearch>
		<regexsearch>正则表达式</regexsearch>
		<currdoc>当前文档</currdoc>
		<alldoc>所有已打开文档</alldoc>
		<find>查找</find>
		<count>计数</count>
		<casesen>大小写敏感</casesen>
		<multilineregex>多行匹配(正则)</multilineregex>
		<errorfileloadproc>加载处理文件时出错。</errorfileloadproc>
		<notdissmethod>无法分析反编译代码 {0}: {1}</notdissmethod>
		<dfilechanged>{0} 个位置已替换.</dfilechanged>
		<filechanged>文件已更改</filechanged>
		<filetryreload>尝试重新载入文件?</filetryreload>
		<dsaveerror>保存时出现错误。</dsaveerror>
		<saveerror>保存失败</saveerror>
		<savingfile>文件保存中</savingfile>
		<ptabb>磅</ptabb>
		<colabb>列</colabb>
		<lnabb>行</lnabb>
		<lenabb>已选择</lenabb>
		<speditcap>一个为 SourcePawn 而生的轻量级编辑器</speditcap>
		<writtenby>程序作者: {0}</writtenby>
		<license>许可协议</license>
		<peopleinv>程序协力</peopleinv>
		<preview>预览</preview>
		<newfile>新建文件</newfile>
		<configwrongpars>当前编译配置的引用目录无法转换为 SourcePawn 的定义实现。</configwrongpars>
		<noname>未命名</noname>
		<poslen>位置: {0} - 长度: {1}</poslen>
		<inheritedfr>继承自</inheritedfr>
		<methodfrom>方法来源:</methodfrom>
		<propertyfrom>属性来源:</propertyfrom>
		<search>搜索</search>
		<delete>删除</delete>
		<name>配置名称</name>
		<scriptdir>引用目录</scriptdir>
		<delimitedwi>分隔符</delimitedwi>
		<copydir>目标复制目录</copydir>
		<serverexe>服务器可执行程序</serverexe>
		<serverstartargs>服务器启动项</serverstartargs>
		<prebuildcom>预生成命令行</prebuildcom>
		<postbuildcom>后生成命令行</postbuildcom>
		<optimizelvl>优化等级</optimizelvl>
		<verboselvl>细节等级</verboselvl>
		<autocopy>编译后复制到目标目录</autocopy>
		<deleteoldsmx>删除已复制到目标目录的 .smx 文件</deleteoldsmx>
		<ftphost>FTP 主机</ftphost>
		<ftpuser>FTP 用户</ftpuser>
		<ftppw>FTP 密码</ftppw>
		<ftpdir>FTP 目录</ftpdir>
		<comeditordir>SPEdit 的程序根目录</comeditordir>
		<comscriptdir>脚本的编译目录</comscriptdir>
		<comcopydir>.smx 文件的目标复制目录</comcopydir>
		<comscriptfile>脚本文件所在的完整路径</comscriptfile>
		<comscriptname>脚本文件的名称</comscriptname>
		<compluginfile>脚本编译后所在的完整路径</compluginfile>
		<compluginname>脚本编译后的文件名称</compluginname>
		<rconengine>RCon 服务器引擎</rconengine>
		<rconip>RCon 服务器地址</rconip>
		<rconport>RCon 服务器端口</rconport>
		<rconpw>RCon 服务器密码</rconpw>
		<rconcom>RCon 服务器命令</rconcom>
		<compluginsreload>重新载入所有已编译的插件</compluginsreload>
		<compluginsloas>载入所有已编译的插件</compluginsloas>
		<compluginsunload>卸载所有已编译的插件</compluginsunload>
		<newconfig>新建编译配置</newconfig>
		<cannotdelconf>无法删除编译配置</cannotdelconf>
		<ycannotdelconf>你无法删除该编译配置(说白了就是无法删除预留)</ycannotdelconf>
		<selectexe>选择启动程序</selectexe>
		<cmdlinecom>命令行内置变量</cmdlinecom>
		<rconcmdlinecom>RCon 内置变量</rconcmdlinecom>
		<resetoptions>恢复默认设置</resetoptions>
		<resetoptques>你确定要将当前设置恢复到默认状态吗?</resetoptques>
		<restarteditor>重新启动</restarteditor>
		<yrestarteditor>改动必须重启后才能生效。</yrestarteditor>
		<restartedifulleff>重启以获得最佳效果</restartedifulleff>
		<restartedieff>设置重启后生效</restartedieff>
		<program>程序</program>
		<hardwareacc>使用硬件加速(如果可用)</hardwareacc>
		<uianim>UI 动画特效</uianim>
		<openinc>自动打开引用</openinc>
		<openincrec>打开引用实现</openincrec>
		<autoupdate>自动检测更新</autoupdate>
		<showtoolbar>显示工具栏</showtoolbar>
		<dynamicisac>动态自动补全/智能提示</dynamicisac>
		<darktheme>深色主题</darktheme>
		<themecolor>主题配色</themecolor>
		<languagestr>界面语言</languagestr>
		<editor>编辑器</editor>
		<fontsize>字体大小</fontsize>
		<scrollspeed>滚动速度</scrollspeed>
		<wordwrap>自动换行</wordwrap>
		<aggindentation>换行自增缩进</aggindentation>
		<reformataftersem>输入 ; 时自动设置当前行格式</reformataftersem>
		<tabstospace>使用空格替换制表符</tabstospace>
		<autoclosebrack>自动闭合括号</autoclosebrack>
		<autoclosestrchr>自动闭合字符串及字符</autoclosestrchr>
		<showsapaces>显示空格</showsapaces>
		<showtabs>显示制表符</showtabs>
		<indentationsize>缩进长度</indentationsize>
		<fontfamily>字体</fontfamily>
		<syntaxhigh>语法高亮</syntaxhigh>
		<highdeprecat>高亮过时语法 (即版本低于 1.7)</highdeprecat>
		<compile>编译</compile>
		<autosavemin>自动保存(分钟)</autosavemin>
    <obtextfile>File Dir.</obtextfile>
    <obtextconfig>Config Dir.</obtextconfig>
    <obtextitem>Item Dir.</obtextitem>
	</zhCN>
</translations>
