﻿<translations>
	<de>
		<language>Deutsch</language>
		<serverrunning>Server läuft</serverrunning>
		<saving>Speichern</saving>
		<saveufiles>Ungespeicherte Dateien speichern?</saveufiles>
		<compileall>Alles kompillieren</compileall>
		<compilecurr>Kompillieren</compilecurr>
		<copy>Kopieren</copy>
		<ftpup>Auf FTP hochladen</ftpup>
		<startserver>Server starten</startserver>
		<replace>Ersetzen</replace>
		<replaceall>Alles ersetzen</replaceall>
		<opennewfile>Neue datei öffnen</opennewfile>
		<nofilopened>Keine dateien geöffnet</nofilopened>
		<nofileopenedcap>Keine der selektierten Dateien konnte geöffnet werden.</nofileopenedcap>
		<savefileas>Speichern unter</savefileas>
		<savefollow>Folgende dateien speichern</savefollow>
		<chdecomp>Selektiere eine Datei zum dekompillieren</chdecomp>
		<decompiling>Dekompillieren</decompiling>
		<editconfig>Konfigurationen bearbeiten</editconfig>
		<foundinoff>Gefunden mit Offset {0} und Länge {1}</foundinoff>
		<foundnothing>Nichts gefunden</foundnothing>
		<replacedoff>Ersetzt am Offset</replacedoff>
		<replacedocc>{0} Vorkommen ersetzt in {1} Dokumenten</replacedocc>
		<occfound>Vorkommen gefunden</occfound>
		<emptypatt>Leerer Suchausdruck</emptypatt>
		<novalidregex>Kein valider Regex-Ausdruck</novalidregex>
		<failedcheck>Fehler bei der Suche</failedcheck>
		<errorupdate>Fehler bei der Suche nach Updates.</errorupdate>
		<versuptodate>Aktuelle Version</versuptodate>
		<versionyour>Die Programversion {0} ist aktuell.</versionyour>
		<details>Details</details>
		<compiling>Kompillieren</compiling>
		<error>Fehler</error>
		<spcompnotstarted>Der spcomp.exe Compiler konnte nicht richtig gestartet werden.</spcompnotstarted>
		<spcompnotfound>Der spcomp.exe Compiler konnte nicht gefunden werden.</spcompnotfound>
		<copied>Kopiert</copied>
		<deleted>Gelöscht</deleted>
		<failcopy>Fehlgeschlagene Kopierung</failcopy>
		<nofilescopy>Keine Dateien kopiert</nofilescopy>
		<uploaded>Hochgeladen</uploaded>
		<erroruploadfile>Fehler beim Hochladen von: {0} zu {1}</erroruploadfile>
		<errorupload>Fehler beim Hochladen von Dateien</errorupload>
		<done>fertig</done>
		<file>Datei</file>
		<new>Neu</new>
		<open>Öfnen</open>
		<save>Speichern</save>
		<saveall>Alle speichern</saveall>
		<saveas>Speichern unter</saveas>
		<close>Schließen</close>
		<closeall>Alle schließen</closeall>
		<build>Build</build>
		<copyplugin>Plugins kopieren</copyplugin>
		<sendrcon>RCon Kommandos schicken</sendrcon>
		<config>Konfiguration</config>
		<edit>Bearbeiten</edit>
		<undo>Rückgängig</undo>
		<redo>Wiederholen</redo>
		<cut>Ausschneiden</cut>
		<paste>Einfügen</paste>
		<folding>Code-Faltung</folding>
		<expandall>Alle aufdecken</expandall>
		<collapseall>Alle verstecken</collapseall>
		<jumpto>Springen zu</jumpto>
		<togglcomment>Kommentar umschalten</togglcomment>
		<selectall>Alles markieren</selectall>
		<findreplace>Finden &amp; Ersetzen</findreplace>
		<tools>Werkzeuge</tools>
		<options>Optionen</options>
		<parsedincdir>Vom include-Pfad erkannt</parsedincdir>
		<oldapiweb>Alte API Webseite</oldapiweb>
		<newapiweb>Neue API Webseite</newapiweb>
		<reformatter>Syntax neu formatieren</reformatter>
		<reformatcurr>Formatieren</reformatcurr>
		<reformatall>Alle formatieren</reformatall>
		<decompile>Dekompilieren</decompile>
		<reportbuggit>Ein Bug auf GitHub melden</reportbuggit>
		<checkupdates>Nach Updates suchen</checkupdates>
		<about>Über</about>
		<filename>Dateiname</filename>
		<line>Zeile</line>
		<type>Typ</type>
		<normalsearch>Normale Suche</normalsearch>
		<matchwhowords>Wörtersuche</matchwhowords>
		<advancsearch>Erweiterte Suche</advancsearch>
		<regexsearch>Regex-Suche</regexsearch>
		<currdoc>Momentanes Dokument</currdoc>
		<alldoc>Alle offenen Dokumente</alldoc>
		<find>Finden</find>
		<count>Zählen</count>
		<casesen>Groß/Kleinschreibung</casesen>
		<multilineregex>Mehrzeilen Regex</multilineregex>
		<errorfileloadproc>Fehler beim Laden unf verarbeiten der Datei.</errorfileloadproc>
		<notdissmethod>Die Methode {0} konnte nicht disassembled werden: {1}</notdissmethod>
		<dfilechanged>{0} hat sich geändert.</dfilechanged>
		<filechanged>Datei geändert</filechanged>
		<filetryreload>Soll die Datei neu geladen werden?</filetryreload>
		<dsaveerror>Es ist ein Fehler beim speichern aufgetreten.</dsaveerror>
		<saveerror>Speicherfehlerr</saveerror>
		<savingfile>Speichere Datei</savingfile>
		<ptabb>pt</ptabb>
		<colabb>Sp</colabb>
		<lnabb>Zl</lnabb>
		<lenabb>Lng</lenabb>
		<speditcap>ein leichtgewichtiger Sourcepawn Editor</speditcap>
		<writtenby>geschrieben von: {0}</writtenby>
		<license>Lizens:</license>
		<peopleinv>Menschen involviert:</peopleinv>
		<preview>Vorschau</preview>
		<newfile>Neue Datei</newfile>
		<configwrongpars>Die Konfiguration konnte keine Sourcemod Definition erparsen.</configwrongpars>
		<noname>kein Name</noname>
		<poslen>pos: {0} - lng: {1}</poslen>
		<inheritedfr>geerbt von</inheritedfr>
		<methodfrom>Method von</methodfrom>
		<propertyfrom>Property von</propertyfrom>
		<search>Suche</search>
		<delete>Löschen</delete>
		<name>Name</name>
		<scriptdir>Scripting Pfad</scriptdir>
		<delimitedwi>trennen mit</delimitedwi>
		<copydir>Kopier-Pfad</copydir>
		<serverexe>Server Pfad</serverexe>
		<serverstartargs>Serverstart Parameter</serverstartargs>
		<prebuildcom>Pre-Build Befehle</prebuildcom>
		<postbuildcom>Post-Build Befehle</postbuildcom>
		<optimizelvl>Optimierungslevel</optimizelvl>
		<verboselvl>Verbose-Level</verboselvl>
		<autocopy>Automatisches Kopieren nach Kompillierung</autocopy>
		<deleteoldsmx>Alte .smx nach Kompillierung löschen</deleteoldsmx>
		<ftphost>FTP Host</ftphost>
		<ftpuser>FTP Benutzer</ftpuser>
		<ftppw>FTP Passwort</ftppw>
		<ftpdir>FTP Pfad</ftpdir>
		<comeditordir>Pfad zur SPEdit-Binary</comeditordir>
		<comscriptdir>Pfad zum kompillierenden Script</comscriptdir>
		<comcopydir>Kopierpfad für die smx</comcopydir>
		<comscriptfile>Voller Pfad und Name zum Script</comscriptfile>
		<comscriptname>Dateiname des Scripts</comscriptname>
		<compluginfile>Voller Pfad und Name des kompillierten Script</compluginfile>
		<compluginname>Dateiname des kompillierten Script</compluginname>
		<rconengine>RCon Server Engine</rconengine>
		<rconip>RCon Server IP</rconip>
		<rconport>RCon Server Port</rconport>
		<rconpw>RCon Server Passwort</rconpw>
		<rconcom>RCon Server Befehle</rconcom>
		<compluginsreload>Alle kompillierten Plugins neu laden</compluginsreload>
		<compluginsloas>Alle kompillierten Plugins laden</compluginsloas>
		<compluginsunload>Alle kompillierten Plugins neu entladen</compluginsunload>
		<newconfig>Neu Konfiguration</newconfig>
		<cannotdelconf>Kann Konfiguration nicht löschen</cannotdelconf>
		<ycannotdelconf>Du kannst diese Konfiguration nicht löschen.</ycannotdelconf>
		<selectexe>Ausführbare Datei aussuchen</selectexe>
		<cmdlinecom>Befehlsvariablen</cmdlinecom>
		<rconcmdlinecom>Rcon Befehlsvariablen</rconcmdlinecom>
		<resetoptions>Optionen zurücksetzen</resetoptions>
		<resetoptques>Bist du dir sicher die Optionen zurückzusetzen?</resetoptques>
		<restarteditor>Editor neustarten</restarteditor>
		<yrestarteditor>Du musst den Editor neu starten damit die Änderungen aktiv werden.</yrestarteditor>
		<restartedifulleff>Starte den Editor neu damit alle Änderungen aktiv werden...</restartedifulleff>
		<restartedieff>Starte den Editor neu damit die Änderungen aktiv werden...</restartedieff>
		<program>Programm</program>
		<hardwareacc>Benutze Hardwarebeschleunigung (wenn verfügbar)</hardwareacc>
		<uianim>UI Animationen</uianim>
		<openinc>Automatisches öffnen von Includes</openinc>
		<openincrec>Includes rekursiv öffnen</openincrec>
		<autoupdate>Automatisch nach Updates suchen</autoupdate>
		<showtoolbar>Werkzeugleiste zeigen</showtoolbar>
		<dynamicisac>Dynamische Autovervollst./Intellisense</dynamicisac>
		<darktheme>Dunkle Umgebung</darktheme>
		<themecolor>Umgebungsfarbe</themecolor>
		<languagestr>Sprache</languagestr>
		<editor>Editor</editor>
		<fontsize>Schriftgröße</fontsize>
		<scrollspeed>Scrollgeschwindigkeit</scrollspeed>
		<wordwrap>Wortumbruch</wordwrap>
		<aggindentation>Agressive Einrückung</aggindentation>
		<reformataftersem>Zeile neuformatieren nach Semikolon</reformataftersem>
		<tabstospace>Tabs mit Leerzeichen ersetzen</tabstospace>
		<autoclosebrack>Automatisch Klammern schließen</autoclosebrack>
		<autoclosestrchr>Automatisch Strings, Chars schließen</autoclosestrchr>
		<showsapaces>Leerzeichen anzeigen</showsapaces>
		<showtabs>Tabs anzeigen</showtabs>
		<indentationsize>Einrückungsgröße</indentationsize>
		<fontfamily>Schriftart</fontfamily>
		<syntaxhigh>Syntaxhighlighting</syntaxhigh>
		<highdeprecat>Veraltete Syntax (&lt;1.7) anzeigen</highdeprecat>
		<compile>Kompillieren</compile>
		<autosavemin>Automatisches speichern (Min)</autosavemin>
	</de>
	<fr>
		<language>Français</language>
		<serverrunning>Serveur lancé</serverrunning>
		<saving>Sauvgarde</saving>
		<saveufiles>Sauvgarder tout les fichiers non-sauvgardés?</saveufiles>
		<compileall>Tout compiler</compileall>
		<compilecurr>Compiler</compilecurr>
		<copy>Copier</copy>
		<ftpup>Envoie FTP</ftpup>
		<startserver>Lancer le serveur</startserver>
		<replace>Remplacer</replace>
		<replaceall>Tout remplacer</replaceall>
		<opennewfile>Ouvrire un nouveau fichier</opennewfile>
		<nofilopened>Aucun fichier ouvert.</nofilopened>
		<nofileopenedcap>Aucun des fichiers sélectionés peut-être ouvert.</nofileopenedcap>
		<savefileas>Sauvgarder sous</savefileas>
		<savefollow>Sauvgarder les fichiers suivant</savefollow>
		<chdecomp>Selectionner le plugin à décompiler</chdecomp>
		<decompiling>Décompilation</decompiling>
		<editconfig>Modifier la configuration</editconfig>
		<foundinoff>Trouvé dans l'offset {0} avec un longueur de {1}</foundinoff>
		<foundnothing>Rien trouvé</foundnothing>
		<replacedoff>Remplacer dans l'offset</replacedoff>
		<replacedocc>{0} occurences remplacées dans {1} documents</replacedocc>
		<occfound>occurences trouvée</occfound>
		<emptypatt>Terme de recherche vide</emptypatt>
		<novalidregex>Terme REGEX invalide</novalidregex>
		<failedcheck>Aucune mise à jour trouvée</failedcheck>
		<errorupdate>Echec lors de la recherche de mise à jour.</errorupdate>
		<versuptodate>Version à jour</versuptodate>
		<versionyour>Votre version du programme ({0}) est à jour.</versionyour>
		<details>Details</details>
		<compiling>Compilation</compiling>
		<error>Erreur</error>
		<spcompnotstarted>spcomp.exe n'as pas démarrer correctement.</spcompnotstarted>
		<spcompnotfound>spcomp.exe n'as pas été trouvé.</spcompnotfound>
		<copied>Copier</copied>
		<deleted>Supprimer</deleted>
		<failcopy>Echec lors de la copie</failcopy>
		<nofilescopy>Aucun fichier copier</nofilescopy>
		<uploaded>Upload effectué</uploaded>
		<erroruploadfile>Erreur de l'upload avec le ficher : {0} à {1}</erroruploadfile>
		<errorupload>Erreur lors de l'upload de fichiers</errorupload>
		<done>Fait</done>
		<file>Fichier</file>
		<new>Nouveau</new>
		<open>Ouvrir</open>
		<save>Sauvgarder</save>
		<saveall>Tout sauvgarder</saveall>
		<saveas>Sauvgarder sous</saveas>
		<close>Fermer</close>
		<closeall>Tout fermer</closeall>
		<build>Build</build>
		<copyplugin>Copier les plugins</copyplugin>
		<sendrcon>Envoie de commandes RCon</sendrcon>
		<config>Configuration</config>
		<edit>Modifier</edit>
		<undo>Annuler</undo>
		<redo>Refaire</redo>
		<cut>Couper</cut>
		<paste>Coller</paste>
		<folding>Plier</folding>
		<expandall>Tout déployer</expandall>
		<collapseall>Tout refermer</collapseall>
		<jumpto>Effectuer un saut</jumpto>
		<togglcomment>Commenter</togglcomment>
		<selectall>Tout selectionner</selectall>
		<findreplace>Trouvé &amp; remplacer</findreplace>
		<tools>Outils</tools>
		<options>Options</options>
		<parsedincdir>Analysé depuis le dossier 'include'</parsedincdir>
		<oldapiweb>Ancienne API</oldapiweb>
		<newapiweb>Nouvelle API</newapiweb>
		<reformatter>Reformatation de syntax</reformatter>
		<reformatcurr>Reformater le document</reformatcurr>
		<reformatall>Tout reformater</reformatall>
		<decompile>Decompiler</decompile>
		<reportbuggit>Reporter un bug sur GitHub</reportbuggit>
		<checkupdates>Vérifier les mises à jour</checkupdates>
		<about>À propos</about>
		<filename>Nom de fichier</filename>
		<line>Ligne</line>
		<type>Type</type>
		<normalsearch>Recherche normal</normalsearch>
		<matchwhowords>Mot entier</matchwhowords>
		<advancsearch>Recherche avancé</advancsearch>
		<regexsearch>Recherche REGEX</regexsearch>
		<currdoc>Document current</currdoc>
		<alldoc>Tout les documents ouverts</alldoc>
		<find>Trouver</find>
		<count>Compter</count>
		<casesen>Sensible à la case</casesen>
		<multilineregex>Multiligne REGEX</multilineregex>
		<errorfileloadproc>Erreur lors du chargement du fichier.</errorfileloadproc>
		<notdissmethod>Impossible de désassembler la méthode {0}: {1}</notdissmethod>
		<dfilechanged>{0} as été modifié.</dfilechanged>
		<filechanged>Fichier modifié</filechanged>
		<filetryreload>Tenter de recharger le fichier?</filetryreload>
		<dsaveerror>Une erreur est survenue pendant la sauvgarde.</dsaveerror>
		<saveerror>Erreur de sauvgarde</saveerror>
		<savingfile>Enregistrement du fichier</savingfile>
		<ptabb>pt</ptabb>
		<colabb>Col</colabb>
		<lnabb>Ln</lnabb>
		<lenabb>Long.</lenabb>
		<speditcap>un IDE sourcepawn portable</speditcap>
		<writtenby>écrit par : {0}</writtenby>
		<license>License</license>
		<peopleinv>Personne impliquées</peopleinv>
		<preview>Aperçu</preview>
		<newfile>Nouveau fichier</newfile>
		<configwrongpars>La configuration n'as pas été capable d'analyser la définition de sourcepawn.</configwrongpars>
		<noname>aucun nom</noname>
		<poslen>pos: {0} - long: {1}</poslen>
		<inheritedfr>hériter de </inheritedfr>
		<methodfrom>Method de</methodfrom>
		<propertyfrom>Property de</propertyfrom>
		<search>Rechercher</search>
		<delete>Supprimer</delete>
		<name>Nom</name>
		<scriptdir>Dossier de script</scriptdir>
		<delimitedwi>Délimiter avec</delimitedwi>
		<copydir>Copier le dossier</copydir>
		<serverexe>Executable du serveur</serverexe>
		<serverstartargs>Paramètres de démarage</serverstartargs>
		<prebuildcom>Paramètres de pre-build</prebuildcom>
		<postbuildcom>Paramètres de post-build</postbuildcom>
		<optimizelvl>Niveau d'optimisation</optimizelvl>
		<verboselvl>Niveau verbose</verboselvl>
		<autocopy>Copier automatiquement apres la compilation</autocopy>
		<deleteoldsmx>Supprimer le vieux .smx après la copie</deleteoldsmx>
		<ftphost>Addresse de l'hôte FTP</ftphost>
		<ftpuser>Utilisateur FTP</ftpuser>
		<ftppw>Mot de passe FTP</ftppw>
		<ftpdir>Racine FTP</ftpdir>
		<comeditordir>Dossier de l'executable de SPEdit</comeditordir>
		<comscriptdir>Dossier du compilateur</comscriptdir>
		<comcopydir>Dossier dans le quel le fichier SMX devrai être copier</comcopydir>
		<comscriptfile>Nom complet du dossier et du nom du script</comscriptfile>
		<comscriptname>Nom du fichier du script</comscriptname>
		<compluginfile>Nom complet du dossier et du nom du script compilé</compluginfile>
		<compluginname>Nom du fichier du script compilé</compluginname>
		<rconengine>Engine du serveur RCon</rconengine>
		<rconip>IP du serveur RCon</rconip>
		<rconport>Port du serveur RCon</rconport>
		<rconpw>Mot de passe du serveur RCon</rconpw>
		<rconcom>Command RCon</rconcom>
		<compluginsreload>Recharger tous les plugins compilés</compluginsreload>
		<compluginsloas>Charger tous les plugins compilés</compluginsloas>
		<compluginsunload>Décharger tous les plugins compilés</compluginsunload>
		<newconfig>Nouvelle configuration</newconfig>
		<cannotdelconf>Impossible de supprimer la configuration</cannotdelconf>
		<ycannotdelconf>Vous ne pouvez pas supprimer cette configuration!</ycannotdelconf>
		<selectexe>Sélectionner l'executable</selectexe>
		<cmdlinecom>Variable de ligne de commande</cmdlinecom>
		<rconcmdlinecom>Variable de ligne de commande Rcon</rconcmdlinecom>
		<resetoptions>Options par défaut</resetoptions>
		<resetoptques>Êtes vous sûre de vouloir retourner au valeur par défaut?</resetoptques>
		<restarteditor>Redémarrer l'IDE</restarteditor>
		<yrestarteditor>Vous devez redémarrer l'IDE pour appliquer les changement.</yrestarteditor>
		<restartedifulleff>Redémarrer l'éditeur pour que les changements prennent pleinement effet...</restartedifulleff>
		<restartedieff>Redémarrer l'éditeur pour que les changements prennent effet...</restartedieff>
		<program>Programme</program>
		<hardwareacc>Utilisé l'accélération matériel (si disponible)</hardwareacc>
		<uianim>Animations GUI</uianim>
		<openinc>Ouvrire automatiquement les includes</openinc>
		<openincrec>Ouvrire les includes récursivement</openincrec>
		<autoupdate>Rechercher automatiquement les mises à jour</autoupdate>
		<showtoolbar>Afficher la toolbar</showtoolbar>
		<dynamicisac>Autocompletition/Intellisense dynamique</dynamicisac>
		<darktheme>Theme sombre</darktheme>
		<themecolor>Couleur de thème</themecolor>
		<languagestr>Langue</languagestr>
		<editor>Editeur</editor>
		<fontsize>Taille de la police</fontsize>
		<scrollspeed>Vitesse de scroll</scrollspeed>
		<wordwrap>Encapsulation des mots</wordwrap>
		<aggindentation>Indentation agressive</aggindentation>
		<reformataftersem>Reformatter la ligne apres semicolon</reformataftersem>
		<tabstospace>Remplacer les tabulations par des espaces</tabstospace>
		<autoclosebrack>Fermer automtiquement les accolades</autoclosebrack>
		<autoclosestrchr>Fermer automatique les Strings, Chars</autoclosestrchr>
		<showsapaces>Afficher les espaces</showsapaces>
		<showtabs>Afficher les tabulations</showtabs>
		<indentationsize>Taille de l'indentation</indentationsize>
		<fontfamily>Police</fontfamily>
		<syntaxhigh>Mise en évidence de la syntax</syntaxhigh>
		<highdeprecat>Mise en évidence de la syntax (&lt;1.7) obsolète</highdeprecat>
		<compile>Compiler</compile>
		<autosavemin>Sauvegarde automatique (min)</autosavemin>
	</fr>
	<sv>
		<language>Svenska</language>
		<serverrunning>Server körs</serverrunning>
		<saving>Sparar</saving>
		<saveufiles>Spara alla osparade filer?</saveufiles>
		<compileall>Kompilera allt</compileall>
		<compilecurr>Sammanställ nuvarande</compilecurr>
		<copy>Kopiera</copy>
		<ftpup>FTP uppladdning</ftpup>
		<startserver>Starta server</startserver>
		<replace>Byt ut</replace>
		<replaceall>Byt ut allt</replaceall>
		<opennewfile>Öppna ny fil</opennewfile>
		<nofilopened>Ingen fil öppnades</nofilopened>
		<nofileopenedcap>Ingen av de valda filerna kunde öppnas</nofileopenedcap>
		<savefileas>Spara fil som</savefileas>
		<savefollow>Spara följande filer som</savefollow>
		<chdecomp>Välj plugin att dekompilera</chdecomp>
		<decompiling>Dekompilera</decompiling>
		<editconfig>Redigera konfigurationer</editconfig>
		<foundinoff>Hittad i {0} med längden {1}</foundinoff>
		<foundnothing>Hittade inget</foundnothing>
		<replacedoff>Bytte ut motvikt</replacedoff>
		<replacedocc>Bytte {0} förekomster i {1} dokument</replacedocc>
		<occfound>Förekomster hittade</occfound>
		<emptypatt>Tomt sök mönster</emptypatt>
		<novalidregex>Inget giltigt regex mönster</novalidregex>
		<failedcheck>Misslyckades att kolla</failedcheck>
		<errorupdate>Fel vid sök av uppdateringar</errorupdate>
		<versuptodate>Versionen är uppdaterad</versuptodate>
		<versionyour>Ditt programs version {0} är uppdaterad</versionyour>
		<details>Detaljer</details>
		<compiling>Kompilerar</compiling>
		<error>Fel</error>
		<spcompnotstarted>Filen spcomp.exe startades inte korrekt</spcompnotstarted>
		<spcompnotfound>Filen spcomp.exe hittades inte</spcompnotfound>
		<copied>Kopierad</copied>
		<deleted>Borttagen</deleted>
		<failcopy>Misslyckades att kopiera</failcopy>
		<nofilescopy>Inga filer kopierades</nofilescopy>
		<uploaded>Uppladdad</uploaded>
		<erroruploadfile>Fel vid uppladdning av fil: {0} to {1}</erroruploadfile>
		<errorupload>Fel vid uppladning av filer</errorupload>
		<done>Klar</done>
		<file>Fil</file>
		<new>Ny</new>
		<open>Öppna</open>
		<save>Spara</save>
		<saveall>Spara alla</saveall>
		<saveas>Spara som</saveas>
		<close>Stäng</close>
		<closeall>Stäng alla</closeall>
		<build>Bygga</build>
		<copyplugin>Kopiera plugins</copyplugin>
		<sendrcon>Skicka RCon kommandon</sendrcon>
		<config>Konfiguration</config>
		<edit>Redigera</edit>
		<undo>Ångra</undo>
		<redo>Gör om</redo>
		<cut>Klipp ut</cut>
		<paste>Klistra in</paste>
		<folding>Vikningar</folding>
		<expandall>Utöka alla</expandall>
		<collapseall>Fäll ihop alla</collapseall>
		<jumpto>Hoppa till</jumpto>
		<togglcomment>Sätt på kommentarer</togglcomment>
		<selectall>Välj alla</selectall>
		<findreplace>Hitta &amp; Byt ut</findreplace>
		<tools>Verktyg</tools>
		<options>Inställningar</options>
		<parsedincdir>Kopierad från include mapp</parsedincdir>
		<oldapiweb>Gammal API hemsida</oldapiweb>
		<newapiweb>Ny API hemsida</newapiweb>
		<reformatter>Syntax omgörare</reformatter>
		<reformatcurr>Omgör nuvarande</reformatcurr>
		<reformatall>Omgör allt</reformatall>
		<decompile>Dekompilera</decompile>
		<reportbuggit>Rapportera en bug på GitHub</reportbuggit>
		<checkupdates>Sök uppdateringar</checkupdates>
		<about>Om</about>
		<filename>Filnamn</filename>
		<line>Linje</line>
		<type>Typ</type>
		<normalsearch>Normal sökning</normalsearch>
		<matchwhowords>Matcha hela ord</matchwhowords>
		<advancsearch>Avancerad sökning</advancsearch>
		<regexsearch>Regex sökning</regexsearch>
		<currdoc>Nuvarande dokument</currdoc>
		<alldoc>Alla öppnade dokument</alldoc>
		<find>Hitta</find>
		<count>Räkna</count>
		<casesen>Skiftlägeskänsliga</casesen>
		<multilineregex>Multilinje regex</multilineregex>
		<errorfileloadproc>Fel vid laddning och bearbetning av fil</errorfileloadproc>
		<notdissmethod>Kunde inte plocka isär metod {0}: {1}</notdissmethod>
		<dfilechanged>{0} har ändrats</dfilechanged>
		<filechanged>Fil ändrad</filechanged>
		<filetryreload>Testa ladda om filer?</filetryreload>
		<dsaveerror>Ett fel uppstod när du sparade</dsaveerror>
		<saveerror>Spara fel</saveerror>
		<savingfile>Sparar fil</savingfile>
		<ptabb>pt</ptabb>
		<colabb>Col</colabb>
		<lnabb>Ln</lnabb>
		<lenabb>Len</lenabb>
		<speditcap>Ett lätt Sourcepawn program</speditcap>
		<writtenby>Gjord av: {0}</writtenby>
		<license>Licens</license>
		<peopleinv>Medverkande</peopleinv>
		<preview>Förhandsvisning</preview>
		<newfile>Ny fil</newfile>
		<configwrongpars>Din config kunde inte kopiera en sourcepawn definition</configwrongpars>
		<noname>Inget namn</noname>
		<poslen>pos: {0} - len: {1}</poslen>
		<inheritedfr>Ärvt av</inheritedfr>
		<methodfrom>Method från</methodfrom>
		<propertyfrom>Property från</propertyfrom>
		<search>Sök</search>
		<delete>Ta bort</delete>
		<name>Namn</name>
		<scriptdir>Scripting mappar</scriptdir>
		<delimitedwi>Avgränsa med</delimitedwi>
		<copydir>Kopiera mapp</copydir>
		<serverexe>Server körbar</serverexe>
		<serverstartargs>Server-start argument</serverstartargs>
		<prebuildcom>Förbyggd kommandolinje</prebuildcom>
		<postbuildcom>Efterbyggd kommandolinje</postbuildcom>
		<optimizelvl>Optimeringsnivå</optimizelvl>
		<verboselvl>Utförligsnivå</verboselvl>
		<autocopy>Automatisk kopering efter kompilering</autocopy>
		<deleteoldsmx>Ta bort old .smx efter kopiering</deleteoldsmx>
		<ftphost>FTP värd</ftphost>
		<ftpuser>FTP användare</ftpuser>
		<ftppw>FTP lösenord</ftppw>
		<ftpdir>FTP mapp</ftpdir>
		<comeditordir>Mapp av SPEdit</comeditordir>
		<comscriptdir>Mapp av kompilering script</comscriptdir>
		<comcopydir>Mapp vars smx borde bli kopierad</comcopydir>
		<comscriptfile>Map och namn av script</comscriptfile>
		<comscriptname>Filnamn av script</comscriptname>
		<compluginfile>Map och namn av kompilerad script</compluginfile>
		<compluginname>Filnamn av kompilerad script</compluginname>
		<rconengine>RCON server motor</rconengine>
		<rconip>RCON server IP</rconip>
		<rconport>RCON server port</rconport>
		<rconpw>RCON server lösenord</rconpw>
		<rconcom>RCON Server kommandon</rconcom>
		<compluginsreload>Laddar om alla kompilerade plugins</compluginsreload>
		<compluginsloas>Laddar alla kompilerade plugins</compluginsloas>
		<compluginsunload>Oladdar alla kompilerade plugins</compluginsunload>
		<newconfig>Ny config</newconfig>
		<cannotdelconf>Kan inte ta bort config</cannotdelconf>
		<ycannotdelconf>Du kan inte ta bort den här configen!</ycannotdelconf>
		<selectexe>Välj körbar</selectexe>
		<cmdlinecom>Kommandolinje variabler</cmdlinecom>
		<rconcmdlinecom>RCON kommandolinje variabler</rconcmdlinecom>
		<resetoptions>Återställ inställningar</resetoptions>
		<resetoptques>Är du säker på att återställa dina inställningar?</resetoptques>
		<restarteditor>Starta om program</restarteditor>
		<yrestarteditor>Du måste starta om programmet för att förändringarna ska slutföras</yrestarteditor>
		<restartedifulleff>Starta om program för förändringarna...</restartedifulleff>
		<restartedieff>Starta om program för att förändringarna ska slutföras...</restartedieff>
		<program>Program</program>
		<hardwareacc>Använd hårdvarans acceleration (om tillgängligt)</hardwareacc>
		<uianim>UI animeringar</uianim>
		<openinc>Automatisk öppning av includes</openinc>
		<openincrec>Öppna includes försiktigt</openincrec>
		<autoupdate>Sök automatiskt för uppdateringar</autoupdate>
		<showtoolbar>Visa verktygsfält</showtoolbar>
		<dynamicisac>Dynamiskt slutförande</dynamicisac>
		<darktheme>Mörkt tema</darktheme>
		<themecolor>Färgtema</themecolor>
		<languagestr>Språk</languagestr>
		<editor>Program</editor>
		<fontsize>Font storlek</fontsize>
		<scrollspeed>Scroll hastighet</scrollspeed>
		<wordwrap>Ord wrap</wordwrap>
		<aggindentation>Aggressivt indrag</aggindentation>
		<reformataftersem>Omformatterar linje efter semikolon</reformataftersem>
		<tabstospace>Byt ut flikar med utrymme</tabstospace>
		<autoclosebrack>Automatiskt stängande parantes</autoclosebrack>
		<autoclosestrchr>Automatiskt stängande sträng, chars</autoclosestrchr>
		<showsapaces>Visa utrymme</showsapaces>
		<showtabs>Visa flikar</showtabs>
		<indentationsize>Inbuktning storlek</indentationsize>
		<fontfamily>Font</fontfamily>
		<syntaxhigh>Syntax markering</syntaxhigh>
		<highdeprecat>Markera föråldrat (&lt;1.7) syntax</highdeprecat>
		<compile>Kompilera</compile>
		<autosavemin>Auto spara (min)</autosavemin>
	</sv>
	<ru>
		<language>Pусский</language>
		<serverrunning>Сервер запущен</serverrunning>
		<saving>Сохранение</saving>
		<saveufiles>Сохранить все несохранённые файлы?</saveufiles>
		<compileall>Скомпилировать всё</compileall>
		<compilecurr>Скомпилировать текущий файл</compilecurr>
		<copy>Копировать</copy>
		<ftpup>Загрузка через FTP</ftpup>
		<startserver>Запустить сервер</startserver>
		<replace>Заменить</replace>
		<replaceall>Заменить всё</replaceall>
		<opennewfile>Открыть новый файл</opennewfile>
		<nofilopened>Открытых файлов нет</nofilopened>
		<nofileopenedcap>Ни один из выбраных файлов не может быть открыт.</nofileopenedcap>
		<savefileas>Сохранить как...</savefileas>
		<savefollow>Сохранить следующие файлы</savefollow>
		<chdecomp>Выбрать плагин для декомпилирования</chdecomp>
		<decompiling>Декомпилирование</decompiling>
		<editconfig>Изменить настройки</editconfig>
		<foundinoff>Найдено в смещении {0} размером {1}</foundinoff>
		<foundnothing>Ничего не найдено</foundnothing>
		<replacedoff>Replaced in offset</replacedoff>
		<replacedocc>Произведено {0} замен в документе {1}</replacedocc>
		<occfound>совпадений найдено</occfound>
		<emptypatt>Поисковый шаблон пуст</emptypatt>
		<novalidregex>Неправильный шаблон</novalidregex>
		<failedcheck>Не удалось проверить</failedcheck>
		<errorupdate>Ошибка проверки обновлений</errorupdate>
		<versuptodate>Обновление не требуется</versuptodate>
		<versionyour>Ваша версия {0} программы - самая свежая.</versionyour>
		<details>Подробности</details>
		<compiling>Компилирование</compiling>
		<error>Ошибка</error>
		<spcompnotstarted>Компилятор spcomp.exe не был корректно запущен.</spcompnotstarted>
		<spcompnotfound>Файл компилятора spcomp.exe не найден.</spcompnotfound>
		<copied>Скопировано</copied>
		<deleted>Удалено</deleted>
		<failcopy>Не удалось скопировать</failcopy>
		<nofilescopy>Файлы не были скопированы</nofilescopy>
		<uploaded>Загружено</uploaded>
		<erroruploadfile>Ошибка при загрузке файла: {0} в {1}</erroruploadfile>
		<errorupload>Ошибка при загрузке файлов</errorupload>
		<done>готово</done>
		<file>Файл</file>
		<new>Новый</new>
		<open>Открыть</open>
		<save>Сохранить</save>
		<saveall>Сохранить всё</saveall>
		<saveas>Сохранить как...</saveas>
		<close>Закрыть</close>
		<closeall>Закрыть всё</closeall>
		<build>Билд</build>
		<copyplugin>Скопировать плагины</copyplugin>
		<sendrcon>Отправить RCon команду</sendrcon>
		<config>Настройки</config>
		<edit>Редактировать</edit>
		<undo>Отмена</undo>
		<redo>Повтор</redo>
		<cut>Вырезать</cut>
		<paste>Вставить</paste>
		<folding>Блоки</folding>
		<expandall>Развернуть все</expandall>
		<collapseall>Свернуть все</collapseall>
		<jumpto>Переместиться к</jumpto>
		<togglcomment>Toggle Comments</togglcomment>
		<selectall>Выбрать всё</selectall>
		<findreplace>Поиск и замена</findreplace>
		<tools>Инструменты</tools>
		<options>Опции</options>
		<parsedincdir>Parsed from include directory</parsedincdir>
		<oldapiweb>Старого API webside</oldapiweb>
		<newapiweb>Нового API webside</newapiweb>
		<reformatter>Переформатирование синтаксиса</reformatter>
		<reformatcurr>Переформатировать текущий</reformatcurr>
		<reformatall>Переформатировать все</reformatall>
		<decompile>Декомпилировать</decompile>
		<reportbuggit>Отправить на GitHub сообщение об ошибке</reportbuggit>
		<checkupdates>Проверить наличие обновлений</checkupdates>
		<about>О программе</about>
		<filename>Имя файла</filename>
		<line>Строка</line>
		<type>Тип</type>
		<normalsearch>Нормальный поиск</normalsearch>
		<matchwhowords>Совпадение всех слов</matchwhowords>
		<advancsearch>Расширенный поиск</advancsearch>
		<regexsearch>Регулярные выражения</regexsearch>
		<currdoc>Текущий документ</currdoc>
		<alldoc>Все открытые документы</alldoc>
		<find>Найти</find>
		<count>Считать</count>
		<casesen>Учитывать регистр</casesen>
		<multilineregex>Многострочное регуляное выражение</multilineregex>
		<errorfileloadproc>Ошибка при загрузке и обработке файла.</errorfileloadproc>
		<notdissmethod>Не удалось разобрать метод {0}: {1}</notdissmethod>
		<dfilechanged>{0} был изменён.</dfilechanged>
		<filechanged>Файл изменён</filechanged>
		<filetryreload>Перезагрузить файл?</filetryreload>
		<dsaveerror>Ошибка при сохранении.</dsaveerror>
		<saveerror>Ошибка сохранения</saveerror>
		<savingfile>Сохранение файлов</savingfile>
		<ptabb>пункт</ptabb>
		<colabb>Столб</colabb>
		<lnabb>Стр</lnabb>
		<lenabb>Длин</lenabb>
		<speditcap>легкий редактор SourcePawn</speditcap>
		<writtenby>написан: {0}</writtenby>
		<license>Лицензия</license>
		<peopleinv>Участвовали</peopleinv>
		<preview>Предпросмотр</preview>
		<newfile>Новый файл</newfile>
		<configwrongpars>Конфиг не смог прочесть определения SourcePawn.</configwrongpars>
		<noname>без имени</noname>
		<poslen>поз: {0} - длн: {1}</poslen>
		<inheritedfr>унаследовано от</inheritedfr>
		<methodfrom>Method из</methodfrom>
		<propertyfrom>Property из</propertyfrom>
		<search>поиск</search>
		<delete>Удалить</delete>
		<name>Имя</name>
		<scriptdir>Папки скриптов</scriptdir>
		<delimitedwi>Разделять</delimitedwi>
		<copydir>Копировать папку</copydir>
		<serverexe>Исполняемый файл сервера</serverexe>
		<serverstartargs>Аргументы запуска сервера</serverstartargs>
		<prebuildcom>Pre-Build командная строка</prebuildcom>
		<postbuildcom>Post-Build командная строка</postbuildcom>
		<optimizelvl>Уровень оптимизации</optimizelvl>
		<verboselvl>Подробный уровень</verboselvl>
		<autocopy>Скопировать после компиляции</autocopy>
		<deleteoldsmx>Удалить старый .smx после копирования</deleteoldsmx>
		<ftphost>Хост FTP</ftphost>
		<ftpuser>Пользователь FTP</ftpuser>
		<ftppw>Пароль FTP</ftppw>
		<ftpdir>Папка FTP</ftpdir>
		<comeditordir>Расположение исполняемого файла SPEdit</comeditordir>
		<comscriptdir>Расположение компилируемых скриптов</comscriptdir>
		<comcopydir>Место для хранения копируемых smx</comcopydir>
		<comscriptfile>Full Directory and Name of the script</comscriptfile>
		<comscriptname>Имя файла скрипта</comscriptname>
		<compluginfile>Full Directory and Name of the compiled script</compluginfile>
		<compluginname>Имя скомпилированного скрипта</compluginname>
		<rconengine>RCon Server Engine</rconengine>
		<rconip>IP адрес RCon сервера</rconip>
		<rconport>Порт RCon сервера</rconport>
		<rconpw>Пароль RCon сервера</rconpw>
		<rconcom>Команды RCon сервера</rconcom>
		<compluginsreload>Перезапустить все скомпилированные плагины</compluginsreload>
		<compluginsloas>Запустить все скомпилированные плагины</compluginsloas>
		<compluginsunload>Выгрузить все скомпилированные плагины</compluginsunload>
		<newconfig>Новый конфиг</newconfig>
		<cannotdelconf>Нельзя удалить конфиг</cannotdelconf>
		<ycannotdelconf>Вы не можете удалить этот конфиг!</ycannotdelconf>
		<selectexe>Выберите исполняемый файл</selectexe>
		<cmdlinecom>Переменные командной строки</cmdlinecom>
		<rconcmdlinecom>Переменные командной строки Rcon</rconcmdlinecom>
		<resetoptions>Сброс опций</resetoptions>
		<resetoptques>Вы уверены, что хотите произвести сброс опций?</resetoptques>
		<restarteditor>Перезапустить редактор</restarteditor>
		<yrestarteditor>Вы должны перезапустить редактор для применения изменений.</yrestarteditor>
		<restartedifulleff>Перезапуск редактора для полного эффекта...</restartedifulleff>
		<restartedieff>Перезапуск редактора для полного эффекта...</restartedieff>
		<program>Программа</program>
		<hardwareacc>Использовать аппаратное ускорение (если возможно)</hardwareacc>
		<uianim>Анимация интерфейса</uianim>
		<openinc>Автоматическое использование инклюдов</openinc>
		<openincrec>Открыть инклюды рекурсивно</openincrec>
		<autoupdate>Автоматический поиск обновлений</autoupdate>
		<showtoolbar>Отобразить панель инструментов</showtoolbar>
		<dynamicisac>Динамическое автодополнение</dynamicisac>
		<darktheme>Тёмная тема</darktheme>
		<themecolor>Цвет темы</themecolor>
		<languagestr>Язык</languagestr>
		<editor>Редактор</editor>
		<fontsize>Размер шрифтов</fontsize>
		<scrollspeed>Скорость прокрутки</scrollspeed>
		<wordwrap>Перенос слов</wordwrap>
		<aggindentation>Агрессивный отступ</aggindentation>
		<reformataftersem>Переформатирование строки после точки с запятой</reformataftersem>
		<tabstospace>Заменить табуляцию пробелами</tabstospace>
		<autoclosebrack>Автозакрытие скобок</autoclosebrack>
		<autoclosestrchr>Автозакрытие строковых и символьных переменных</autoclosestrchr>
		<showsapaces>Отображать пробелы</showsapaces>
		<showtabs>Отображать табуляцию</showtabs>
		<indentationsize>Размер отступа</indentationsize>
		<fontfamily>Шрифт</fontfamily>
		<syntaxhigh>Подсветка синтаксиса</syntaxhigh>
		<highdeprecat>Подсветка устаревшего (&lt;1.7) синтаксиса</highdeprecat>
		<compile>Cоставить</compile>
		<autosavemin>Aвтосохранение (минут)</autosavemin>
	</ru>
</translations>